Cell name,ref,rank,Cell marker,scores,logfoldchanges,pvals,pvals_adj
B cell,rest,0,ENSG00000211592,24.121708,10.810293,1.48E-128,2.84E-124
B cell,rest,1,ENSG00000282633,22.509373,9.306435,3.36E-112,3.23E-108
B cell,rest,2,ENSG00000277633,19.426561,8.263744,4.60E-84,2.95E-80
B cell,rest,3,ENSG00000211897,16.892967,7.1428413,5.07E-64,2.43E-60
B cell,rest,4,ENSG00000282184,16.740482,7.0237527,6.64E-63,2.55E-59
B cell,rest,5,ENSG00000232126,16.238138,5.220632,2.71E-59,8.68E-56
B cell,rest,6,ENSG00000170345,16.08179,4.1679354,3.42E-58,9.39E-55
B cell,rest,7,ENSG00000273686,15.560023,3.9900956,1.36E-54,3.27E-51
B cell,rest,8,ENSG00000211893,15.236485,6.203125,2.02E-52,4.32E-49
B cell,rest,9,ENSG00000274497,15.2285795,6.1662908,2.29E-52,4.39E-49
B cell,rest,10,ENSG00000266865,14.923608,4.993807,2.31E-50,4.04E-47
B cell,rest,11,ENSG00000282657,14.911597,6.8771577,2.77E-50,4.43E-47
B cell,rest,12,ENSG00000198502,14.701113,7.3066564,6.34E-49,9.37E-46
B cell,rest,13,ENSG00000123358,13.452577,5.0018363,2.97E-41,4.08E-38
B cell,rest,14,ENSG00000233841,13.092731,5.6977205,3.62E-39,4.64E-36
B cell,rest,15,ENSG00000196126,12.384745,5.0043316,3.16E-35,3.57E-32
B cell,rest,16,ENSG00000171223,12.1033945,4.3166146,1.01E-33,1.08E-30
B cell,rest,17,ENSG00000223551,11.995793,3.1917496,3.74E-33,3.78E-30
B cell,rest,18,ENSG00000143546,11.96923,4.441478,5.15E-33,4.76E-30
B cell,rest,19,ENSG00000204525,11.968311,4.934293,5.21E-33,4.76E-30
B cell,rest,20,ENSG00000288859,11.847413,3.9419708,2.22E-32,1.94E-29
B cell,rest,21,ENSG00000116741,11.815334,4.5398245,3.25E-32,2.72E-29
B cell,rest,22,ENSG00000132465,11.680373,6.0328174,1.61E-31,1.23E-28
B cell,rest,23,ENSG00000229215,11.598447,4.714882,4.20E-31,3.10E-28
B cell,rest,24,ENSG00000122852,11.416701,4.369315,3.45E-30,2.45E-27
B cell,rest,25,ENSG00000228987,11.402884,3.8963697,4.04E-30,2.77E-27
B cell,rest,26,ENSG00000211677,11.361339,5.5068893,6.51E-30,4.31E-27
B cell,rest,27,ENSG00000150991,11.23131,2.7297688,2.86E-29,1.83E-26
B cell,rest,28,ENSG00000288825,11.2224245,3.6799412,3.16E-29,1.96E-26
B cell,rest,29,ENSG00000197253,10.995426,4.4369774,4.02E-28,2.27E-25
B cell,rest,30,ENSG00000196735,10.944751,4.743349,7.04E-28,3.86E-25
B cell,rest,31,ENSG00000019582,10.837486,2.4501696,2.29E-27,1.19E-24
B cell,rest,32,ENSG00000234794,10.737821,3.8160028,6.76E-27,3.42E-24
B cell,rest,33,ENSG00000075624,10.5021515,2.01644,8.44E-26,4.16E-23
B cell,rest,34,ENSG00000163220,10.379997,3.8134134,3.06E-25,1.47E-22
B cell,rest,35,ENSG00000112096,10.348716,3.6112354,4.24E-25,1.99E-22
B cell,rest,36,ENSG00000254709,10.301502,5.1645722,6.94E-25,3.17E-22
B cell,rest,37,ENSG00000099860,10.016292,3.5995545,1.29E-23,5.77E-21
B cell,rest,38,ENSG00000090382,9.933538,3.539912,2.98E-23,1.30E-20
B cell,rest,39,ENSG00000160888,9.897385,3.5629568,4.27E-23,1.82E-20
B cell,rest,40,ENSG00000211679,9.739691,5.185036,2.04E-22,8.52E-20
B cell,rest,41,ENSG00000179344,9.601574,3.9442587,7.87E-22,3.22E-19
B cell,rest,42,ENSG00000168484,9.437384,2.5259304,3.82E-21,1.53E-18
B cell,rest,43,ENSG00000124243,9.353466,4.435237,8.48E-21,3.32E-18
B cell,rest,44,ENSG00000130522,9.224448,3.6632679,2.85E-20,1.07E-17
B cell,rest,45,ENSG00000226260,9.157044,3.1307979,5.33E-20,1.97E-17
B cell,rest,46,ENSG00000185303,9.032531,3.490799,1.68E-19,5.75E-17
B cell,rest,47,ENSG00000163751,8.938808,3.7630534,3.93E-19,1.33E-16
B cell,rest,48,ENSG00000120738,8.885192,3.6258397,6.38E-19,2.11E-16
B cell,rest,49,ENSG00000128016,8.78767,2.8974493,1.53E-18,4.97E-16
B cell,rest,50,ENSG00000211675,8.748515,4.624116,2.16E-18,6.92E-16
B cell,rest,51,ENSG00000223361,8.74346,3.8362255,2.26E-18,7.12E-16
B cell,rest,52,ENSG00000122862,8.676423,3.0573578,4.08E-18,1.27E-15
B cell,rest,53,ENSG00000276173,8.608192,4.247348,7.42E-18,2.26E-15
B cell,rest,54,ENSG00000277016,8.570017,5.014909,1.03E-17,3.11E-15
B cell,rest,55,ENSG00000011422,8.542106,3.2625537,1.32E-17,3.89E-15
B cell,rest,56,ENSG00000167996,8.486344,1.3103509,2.13E-17,6.21E-15
B cell,rest,57,ENSG00000230708,8.356684,3.5802374,6.45E-17,1.85E-14
B cell,rest,58,ENSG00000110848,8.285665,3.5850935,1.17E-16,3.32E-14
B cell,rest,59,ENSG00000228163,8.271602,3.3008218,1.32E-16,3.68E-14
B cell,rest,60,ENSG00000125740,8.191758,3.063358,2.57E-16,7.06E-14
B cell,rest,61,ENSG00000215030,8.127387,3.6416235,4.39E-16,1.17E-13
B cell,rest,62,ENSG00000167552,8.068746,2.934282,7.10E-16,1.87E-13
B cell,rest,63,ENSG00000235915,7.8954563,2.9456751,2.89E-15,7.41E-13
B cell,rest,64,ENSG00000185201,7.878728,2.850912,3.31E-15,8.36E-13
B cell,rest,65,ENSG00000109321,7.8227215,3.1096563,5.17E-15,1.29E-12
B cell,rest,66,ENSG00000108518,7.806146,2.3322818,5.90E-15,1.45E-12
B cell,rest,67,ENSG00000085265,7.7979045,3.7883415,6.29E-15,1.53E-12
B cell,rest,68,ENSG00000130066,7.4620795,1.6796889,8.52E-14,1.95E-11
B cell,rest,69,ENSG00000105835,7.363731,2.5908175,1.79E-13,4.04E-11
B cell,rest,70,ENSG00000232429,7.3256173,3.3173065,2.38E-13,5.25E-11
B cell,rest,71,ENSG00000125538,7.253035,3.6108634,4.08E-13,8.79E-11
B cell,rest,72,ENSG00000225691,7.1896143,2.709933,6.50E-13,1.39E-10
B cell,rest,73,ENSG00000163563,7.1843753,2.812556,6.75E-13,1.42E-10
B cell,rest,74,ENSG00000274233,7.181005,2.3722737,6.92E-13,1.44E-10
B cell,rest,75,ENSG00000271503,7.106493,2.3416567,1.19E-12,2.43E-10
B cell,rest,77,ENSG00000237264,6.9054146,3.7201319,5.01E-12,9.91E-10
B cell,rest,78,ENSG00000256338,6.879035,2.9542503,6.03E-12,1.18E-09
B cell,rest,79,ENSG00000059804,6.807495,2.6998065,9.93E-12,1.93E-09
B cell,rest,80,ENSG00000172236,6.751488,2.765027,1.46E-11,2.73E-09
B cell,rest,81,ENSG00000102879,6.616221,3.207492,3.68E-11,6.68E-09
B cell,rest,82,ENSG00000243742,6.320716,2.615944,2.60E-10,4.46E-08
B cell,rest,83,ENSG00000118515,6.2764435,2.463901,3.46E-10,5.89E-08
B cell,rest,84,ENSG00000169508,6.223838,3.1880379,4.85E-10,7.99E-08
B cell,rest,85,ENSG00000173559,6.223378,2.0836792,4.87E-10,7.99E-08
B cell,rest,87,ENSG00000197405,6.1212,2.664595,9.29E-10,1.49E-07
B cell,rest,89,ENSG00000081041,5.781055,2.4035738,7.42E-09,1.11E-06
B cell,rest,90,ENSG00000120129,5.753634,1.91272,8.73E-09,1.29E-06
B cell,rest,91,ENSG00000243071,5.7343316,2.6821308,9.79E-09,1.42E-06
B cell,rest,92,ENSG00000111348,5.6740665,2.0371842,1.39E-08,2.00E-06
B cell,rest,93,ENSG00000090104,5.4889507,2.4156191,4.04E-08,5.75E-06
B cell,rest,94,ENSG00000115738,5.393482,1.9736809,6.91E-08,9.69E-06
B cell,rest,95,ENSG00000227081,5.382728,2.9385304,7.34E-08,1.02E-05
B cell,rest,96,ENSG00000256618,5.379358,2.1163,7.48E-08,1.03E-05
B cell,rest,97,ENSG00000169442,5.2703166,2.3358572,1.36E-07,1.84E-05
B cell,rest,98,ENSG00000096150,5.1873794,1.546604,2.13E-07,2.82E-05
T cell,rest,0,ENSG00000166710,15.811352,1.8358356,2.60E-56,4.99E-52
T cell,rest,1,ENSG00000177954,14.828741,1.4286319,9.55E-50,9.17E-46
T cell,rest,2,ENSG00000213741,14.687766,1.8734114,7.72E-49,4.94E-45
T cell,rest,3,ENSG00000142541,14.306889,1.6087074,1.98E-46,9.52E-43
T cell,rest,4,ENSG00000177600,13.606341,1.6659575,3.67E-42,1.41E-38
T cell,rest,5,ENSG00000229117,12.79518,1.0347972,1.74E-37,4.79E-34
T cell,rest,6,ENSG00000167286,12.677994,8.195648,7.83E-37,1.88E-33
T cell,rest,7,ENSG00000008517,12.456727,7.1271143,1.29E-35,2.74E-32
T cell,rest,8,ENSG00000147403,12.442424,1.3023423,1.54E-35,2.95E-32
T cell,rest,9,ENSG00000211772,12.012139,6.993086,3.07E-33,5.36E-30
T cell,rest,10,ENSG00000137818,12.001796,1.155668,3.48E-33,5.56E-30
T cell,rest,11,ENSG00000280831,11.804616,1.8364022,3.69E-32,5.46E-29
T cell,rest,12,ENSG00000276849,11.583051,6.6034446,5.02E-31,6.89E-28
T cell,rest,13,ENSG00000137154,11.559935,1.1405536,6.58E-31,8.42E-28
T cell,rest,14,ENSG00000223367,11.530544,1.379679,9.26E-31,1.11E-27
T cell,rest,15,ENSG00000185885,11.438378,5.001138,2.69E-30,2.90E-27
T cell,rest,16,ENSG00000105640,11.437519,2.2646883,2.72E-30,2.90E-27
T cell,rest,17,ENSG00000198242,11.24314,1.89107,2.50E-29,2.40E-26
T cell,rest,18,ENSG00000277734,11.129165,7.7479715,9.05E-29,8.27E-26
T cell,rest,19,ENSG00000211751,11.076584,6.7370243,1.63E-28,1.42E-25
T cell,rest,20,ENSG00000116824,11.015189,7.941717,3.23E-28,2.70E-25
T cell,rest,21,ENSG00000167526,11.009513,1.1849827,3.44E-28,2.75E-25
T cell,rest,22,ENSG00000081237,11.005928,4.5084496,3.58E-28,2.75E-25
T cell,rest,23,ENSG00000231500,10.951069,1.252422,6.57E-28,4.85E-25
T cell,rest,24,ENSG00000134419,10.643611,1.58426,1.87E-26,1.33E-23
T cell,rest,25,ENSG00000149273,10.535349,1.7247826,5.94E-26,4.07E-23
T cell,rest,26,ENSG00000164587,10.499872,1.1490391,8.65E-26,5.73E-23
T cell,rest,28,ENSG00000271503,10.152381,4.3651505,3.23E-24,1.94E-21
T cell,rest,29,ENSG00000100316,10.109621,1.3881409,5.01E-24,2.83E-21
T cell,rest,30,ENSG00000121966,10.002554,5.2035575,1.49E-23,8.15E-21
T cell,rest,31,ENSG00000281981,9.955799,6.251499,2.38E-23,1.27E-20
T cell,rest,32,ENSG00000105372,9.951952,1.1794322,2.47E-23,1.28E-20
T cell,rest,33,ENSG00000274233,9.862437,4.1264477,6.06E-23,2.98E-20
T cell,rest,34,ENSG00000122026,9.834803,1.0895976,7.97E-23,3.83E-20
T cell,rest,35,ENSG00000168685,9.800147,5.8993316,1.12E-22,5.27E-20
T cell,rest,37,ENSG00000198763,9.68632,2.1381614,3.45E-22,1.50E-19
T cell,rest,38,ENSG00000143947,9.671159,1.3271096,4.00E-22,1.71E-19
T cell,rest,39,ENSG00000223551,9.647146,3.0696483,5.05E-22,2.11E-19
T cell,rest,41,ENSG00000115268,9.612752,1.4847753,7.06E-22,2.83E-19
T cell,rest,42,ENSG00000169442,9.418224,4.054805,4.59E-21,1.80E-18
T cell,rest,43,ENSG00000130255,9.166783,1.8166819,4.87E-20,1.84E-17
T cell,rest,44,ENSG00000108107,8.7868395,2.1013634,1.54E-18,5.01E-16
T cell,rest,45,ENSG00000108298,8.65688,1.0608535,4.85E-18,1.48E-15
T cell,rest,46,ENSG00000110848,8.631822,4.4576344,6.04E-18,1.81E-15
T cell,rest,48,ENSG00000144713,8.5970545,1.1137638,8.18E-18,2.34E-15
T cell,rest,49,ENSG00000082074,8.384526,4.3983574,5.09E-17,1.42E-14
T cell,rest,50,ENSG00000198727,8.36141,1.5284545,6.20E-17,1.70E-14
T cell,rest,51,ENSG00000265681,8.272082,1.7109315,1.32E-16,3.51E-14
T cell,rest,53,ENSG00000206493,8.109819,2.2588904,5.07E-16,1.30E-13
T cell,rest,54,ENSG00000111348,8.030164,2.9936144,9.73E-16,2.43E-13
T cell,rest,55,ENSG00000197958,8.018699,1.1885737,1.07E-15,2.63E-13
T cell,rest,56,ENSG00000172725,7.9919977,5.707977,1.33E-15,3.23E-13
T cell,rest,57,ENSG00000227715,7.966641,2.3439994,1.63E-15,3.91E-13
T cell,rest,58,ENSG00000235657,7.9465494,2.3305914,1.92E-15,4.55E-13
T cell,rest,60,ENSG00000225691,7.8059845,3.1712735,5.90E-15,1.30E-12
T cell,rest,61,ENSG00000213402,7.7966857,5.7431555,6.36E-15,1.37E-12
T cell,rest,63,ENSG00000168028,7.640025,1.8898141,2.17E-14,4.49E-12
T cell,rest,64,ENSG00000188846,7.623631,1.3389668,2.47E-14,5.04E-12
T cell,rest,65,ENSG00000223448,7.6048093,6.227943,2.85E-14,5.71E-12
T cell,rest,66,ENSG00000273686,7.485419,2.4049237,7.13E-14,1.41E-11
T cell,rest,67,ENSG00000171863,7.431269,1.3754327,1.08E-13,2.11E-11
T cell,rest,69,ENSG00000134954,7.315165,4.908363,2.57E-13,4.84E-11
T cell,rest,70,ENSG00000102879,7.280808,4.13643,3.32E-13,6.19E-11
T cell,rest,71,ENSG00000063177,7.2635546,1.2907451,3.77E-13,6.90E-11
T cell,rest,72,ENSG00000179144,7.0437446,5.1065674,1.87E-12,3.33E-10
T cell,rest,73,ENSG00000227507,6.9680843,5.9364805,3.21E-12,5.61E-10
T cell,rest,74,ENSG00000204628,6.746594,1.3954378,1.51E-11,2.48E-09
T cell,rest,75,ENSG00000186468,6.700137,1.0292376,2.08E-11,3.39E-09
T cell,rest,77,ENSG00000160654,6.6055436,6.503626,3.96E-11,6.29E-09
T cell,rest,78,ENSG00000232126,6.5329084,2.3726332,6.45E-11,1.01E-08
T cell,rest,80,ENSG00000198755,6.4838004,1.1424015,8.94E-11,1.37E-08
T cell,rest,81,ENSG00000147168,6.381812,3.9640033,1.75E-10,2.64E-08
T cell,rest,82,ENSG00000288169,6.325833,5.0830946,2.52E-10,3.66E-08
T cell,rest,83,ENSG00000150991,6.324675,1.3412404,2.54E-10,3.66E-08
T cell,rest,85,ENSG00000128340,6.288974,3.1053896,3.20E-10,4.55E-08
T cell,rest,88,ENSG00000133872,6.2064424,2.2186446,5.42E-10,7.38E-08
T cell,rest,89,ENSG00000126264,6.124807,2.952759,9.08E-10,1.20E-07
T cell,rest,90,ENSG00000069493,6.1206617,4.608592,9.32E-10,1.23E-07
T cell,rest,91,ENSG00000237508,6.101765,2.7596927,1.05E-09,1.37E-07
T cell,rest,93,ENSG00000204592,5.966578,1.5143774,2.42E-09,3.04E-07
T cell,rest,94,ENSG00000229698,5.946076,2.7348604,2.75E-09,3.43E-07
T cell,rest,95,ENSG00000225201,5.8784075,1.4241686,4.14E-09,5.13E-07
T cell,rest,96,ENSG00000115738,5.8729177,2.312454,4.28E-09,5.27E-07
T cell,rest,98,ENSG00000137403,5.7009463,2.6544356,1.19E-08,1.37E-06
T cell,rest,99,ENSG00000288825,5.664722,2.3134556,1.47E-08,1.66E-06
fibroblast of lung,rest,0,ENSG00000152583,13.8407,12.125309,1.45E-43,2.78E-39
fibroblast of lung,rest,1,ENSG00000011465,13.330384,13.33923,1.54E-40,1.48E-36
fibroblast of lung,rest,2,ENSG00000139329,11.347498,11.458999,7.63E-30,4.89E-26
fibroblast of lung,rest,3,ENSG00000111341,11.207621,9.4019785,3.74E-29,1.65E-25
fibroblast of lung,rest,4,ENSG00000164692,11.195548,11.955442,4.29E-29,1.65E-25
fibroblast of lung,rest,5,ENSG00000113140,11.177695,9.261695,5.24E-29,1.68E-25
fibroblast of lung,rest,6,ENSG00000168542,9.939539,10.339823,2.80E-23,7.69E-20
fibroblast of lung,rest,7,ENSG00000122786,9.92452,8.478429,3.26E-23,7.82E-20
fibroblast of lung,rest,8,ENSG00000125148,9.730403,6.7654347,2.24E-22,4.77E-19
fibroblast of lung,rest,9,ENSG00000288512,8.778463,7.275072,1.66E-18,2.89E-15
fibroblast of lung,rest,10,ENSG00000091986,8.585026,8.707376,9.08E-18,1.45E-14
fibroblast of lung,rest,11,ENSG00000102265,8.43914,5.53054,3.20E-17,4.72E-14
fibroblast of lung,rest,12,ENSG00000108691,8.422251,6.9953146,3.69E-17,5.07E-14
fibroblast of lung,rest,13,ENSG00000196616,8.241452,10.251295,1.70E-16,2.18E-13
fibroblast of lung,rest,14,ENSG00000131016,8.047958,7.454505,8.42E-16,1.01E-12
fibroblast of lung,rest,15,ENSG00000100097,7.950135,4.7007465,1.86E-15,2.10E-12
fibroblast of lung,rest,16,ENSG00000108821,7.9436173,8.85735,1.96E-15,2.10E-12
fibroblast of lung,rest,17,ENSG00000142871,7.5340724,6.391935,4.92E-14,4.81E-11
fibroblast of lung,rest,18,ENSG00000137801,7.5318055,6.1639113,5.00E-14,4.81E-11
fibroblast of lung,rest,19,ENSG00000132386,7.317398,6.6989436,2.53E-13,2.31E-10
fibroblast of lung,rest,20,ENSG00000149131,7.2458153,4.890181,4.30E-13,3.75E-10
fibroblast of lung,rest,21,ENSG00000166482,7.172476,8.487241,7.37E-13,6.15E-10
fibroblast of lung,rest,22,ENSG00000106538,7.0754457,6.4392266,1.49E-12,1.19E-09
fibroblast of lung,rest,23,ENSG00000150093,7.066321,4.1811857,1.59E-12,1.22E-09
fibroblast of lung,rest,24,ENSG00000140416,7.028234,5.3693056,2.09E-12,1.55E-09
fibroblast of lung,rest,25,ENSG00000106366,7.003126,7.62398,2.50E-12,1.78E-09
fibroblast of lung,rest,26,ENSG00000106333,6.9885607,8.343598,2.78E-12,1.90E-09
fibroblast of lung,rest,27,ENSG00000134531,6.8947606,5.077082,5.40E-12,3.57E-09
fibroblast of lung,rest,28,ENSG00000187955,6.561049,8.0182085,5.34E-11,3.42E-08
fibroblast of lung,rest,29,ENSG00000077942,6.430693,8.567391,1.27E-10,7.62E-08
fibroblast of lung,rest,30,ENSG00000197766,6.3983874,5.0552034,1.57E-10,9.14E-08
fibroblast of lung,rest,31,ENSG00000112936,6.24077,8.824111,4.35E-10,2.46E-07
fibroblast of lung,rest,32,ENSG00000163359,6.213395,8.180908,5.19E-10,2.85E-07
fibroblast of lung,rest,33,ENSG00000274619,6.198319,4.9507895,5.71E-10,3.04E-07
fibroblast of lung,rest,34,ENSG00000100234,6.162216,5.477961,7.17E-10,3.63E-07
fibroblast of lung,rest,35,ENSG00000182326,6.1144943,5.8247294,9.69E-10,4.65E-07
fibroblast of lung,rest,36,ENSG00000175899,6.1104703,5.692136,9.93E-10,4.65E-07
fibroblast of lung,rest,37,ENSG00000163453,6.0966415,5.318582,1.08E-09,4.95E-07
fibroblast of lung,rest,38,ENSG00000163430,6.089103,6.260667,1.14E-09,5.07E-07
fibroblast of lung,rest,39,ENSG00000079819,6.073971,5.7024274,1.25E-09,5.45E-07
fibroblast of lung,rest,40,ENSG00000149591,6.0154805,6.0432796,1.79E-09,7.41E-07
fibroblast of lung,rest,41,ENSG00000166741,5.9950204,4.651918,2.03E-09,8.14E-07
fibroblast of lung,rest,42,ENSG00000103196,5.843637,8.289156,5.11E-09,1.96E-06
fibroblast of lung,rest,43,ENSG00000189129,5.8325853,8.098929,5.46E-09,2.06E-06
fibroblast of lung,rest,44,ENSG00000134352,5.8262377,4.207663,5.67E-09,2.09E-06
fibroblast of lung,rest,45,ENSG00000125730,5.7337413,4.2017207,9.82E-09,3.49E-06
fibroblast of lung,rest,46,ENSG00000038427,5.6958814,4.3689904,1.23E-08,4.29E-06
fibroblast of lung,rest,47,ENSG00000166147,5.5861554,7.4874706,2.32E-08,7.82E-06
fibroblast of lung,rest,48,ENSG00000142156,5.5574207,6.0613484,2.74E-08,9.07E-06
fibroblast of lung,rest,49,ENSG00000050405,5.425024,4.1464815,5.79E-08,1.77E-05
fibroblast of lung,rest,50,ENSG00000106624,5.418733,7.4577575,6.00E-08,1.80E-05
fibroblast of lung,rest,51,ENSG00000151914,5.392152,4.124609,6.96E-08,2.03E-05
fibroblast of lung,rest,52,ENSG00000211445,5.2907004,5.3054633,1.22E-07,3.34E-05
fibroblast of lung,rest,53,ENSG00000212907,5.167089,3.026256,2.38E-07,6.43E-05
fibroblast of lung,rest,54,ENSG00000250722,5.156264,3.4995887,2.52E-07,6.72E-05
fibroblast of lung,rest,55,ENSG00000154553,5.125545,6.61631,2.97E-07,7.77E-05
fibroblast of lung,rest,56,ENSG00000115414,5.1237316,3.8768258,3.00E-07,7.77E-05
fibroblast of lung,rest,57,ENSG00000117143,4.988501,4.835846,6.08E-07,0.000147934
fibroblast of lung,rest,58,ENSG00000107796,4.955572,6.785951,7.21E-07,0.000172702
fibroblast of lung,rest,59,ENSG00000147604,4.953645,1.4292417,7.28E-07,0.000172702
fibroblast of lung,rest,60,ENSG00000168386,4.8383083,4.5701303,1.31E-06,0.000306708
fibroblast of lung,rest,61,ENSG00000167460,4.7878094,2.874768,1.69E-06,0.000385518
fibroblast of lung,rest,62,ENSG00000154096,4.7467756,6.3499274,2.07E-06,0.000461581
fibroblast of lung,rest,63,ENSG00000162407,4.708859,4.906249,2.49E-06,0.000537568
fibroblast of lung,rest,64,ENSG00000116717,4.6681085,4.477346,3.04E-06,0.000648705
fibroblast of lung,rest,65,ENSG00000288299,4.6627245,2.937898,3.12E-06,0.000658598
fibroblast of lung,rest,66,ENSG00000198899,4.6069546,1.1561416,4.09E-06,0.000847992
fibroblast of lung,rest,67,ENSG00000177469,4.605934,3.6636875,4.11E-06,0.000847992
fibroblast of lung,rest,68,ENSG00000256618,4.585474,3.0880444,4.53E-06,0.000906198
fibroblast of lung,rest,69,ENSG00000167779,4.5756693,6.656351,4.75E-06,0.000939907
fibroblast of lung,rest,70,ENSG00000132475,4.573345,1.5454718,4.80E-06,0.000940698
fibroblast of lung,rest,71,ENSG00000107317,4.5555487,6.406188,5.22E-06,0.001003494
fibroblast of lung,rest,72,ENSG00000144810,4.548578,5.3794065,5.40E-06,0.00102704
fibroblast of lung,rest,73,ENSG00000000971,4.5158186,3.401905,6.31E-06,0.00117609
fibroblast of lung,rest,74,ENSG00000125868,4.4991555,2.9355369,6.82E-06,0.001259911
fibroblast of lung,rest,75,ENSG00000062716,4.494338,3.0860114,6.98E-06,0.001274935
fibroblast of lung,rest,76,ENSG00000117519,4.4925814,3.9417536,7.04E-06,0.001274935
fibroblast of lung,rest,77,ENSG00000006327,4.482436,4.3762755,7.38E-06,0.001324599
fibroblast of lung,rest,78,ENSG00000106809,4.4770517,4.7757416,7.57E-06,0.001345858
fibroblast of lung,rest,79,ENSG00000136997,4.460389,3.9179425,8.18E-06,0.001441526
fibroblast of lung,rest,80,ENSG00000198467,4.4532475,5.68591,8.46E-06,0.001476786
fibroblast of lung,rest,81,ENSG00000142089,4.398158,2.4531713,1.09E-05,0.001888996
fibroblast of lung,rest,82,ENSG00000140285,4.392377,6.531564,1.12E-05,0.001922624
fibroblast of lung,rest,83,ENSG00000205362,4.368686,6.5964394,1.25E-05,0.002087545
fibroblast of lung,rest,84,ENSG00000154175,4.3498697,5.2762136,1.36E-05,0.002255355
fibroblast of lung,rest,85,ENSG00000071282,4.2917194,5.7865586,1.77E-05,0.002861449
fibroblast of lung,rest,86,ENSG00000255302,4.279024,2.6120386,1.88E-05,0.003004373
fibroblast of lung,rest,87,ENSG00000122545,4.2679152,2.6605494,1.97E-05,0.003131819
fibroblast of lung,rest,88,ENSG00000109099,4.265818,3.9565396,1.99E-05,0.003135471
fibroblast of lung,rest,89,ENSG00000119681,4.252556,7.082463,2.11E-05,0.003300065
fibroblast of lung,rest,90,ENSG00000022267,4.1925354,4.2923045,2.76E-05,0.004171693
fibroblast of lung,rest,91,ENSG00000116285,4.120386,3.7548554,3.78E-05,0.005507423
fibroblast of lung,rest,92,ENSG00000186340,4.1202164,8.437183,3.79E-05,0.005507423
fibroblast of lung,rest,93,ENSG00000196569,4.1134152,8.169007,3.90E-05,0.005629648
fibroblast of lung,rest,94,ENSG00000017427,4.1065574,5.7159796,4.02E-05,0.005756069
fibroblast of lung,rest,95,ENSG00000116132,4.1038933,7.901549,4.06E-05,0.005769584
fibroblast of lung,rest,96,ENSG00000160789,4.1025896,2.4061322,4.09E-05,0.005769584
fibroblast of lung,rest,97,ENSG00000182492,4.086267,5.548944,4.38E-05,0.006145491
fibroblast of lung,rest,98,ENSG00000102802,4.0558314,7.0118494,5.00E-05,0.006902586
fibroblast of lung,rest,99,ENSG00000142173,4.042456,6.698709,5.29E-05,0.007204872
lung ciliated cell,rest,0,ENSG00000117472,19.722694,10.965596,1.38E-86,1.32E-82
lung ciliated cell,rest,1,ENSG00000159713,19.326277,10.155324,3.23E-83,2.07E-79
lung ciliated cell,rest,2,ENSG00000160188,18.424866,11.617697,8.30E-76,3.43E-72
lung ciliated cell,rest,3,ENSG00000124237,18.420912,11.467763,8.93E-76,3.43E-72
lung ciliated cell,rest,4,ENSG00000164972,18.273375,10.822539,1.35E-74,4.32E-71
lung ciliated cell,rest,5,ENSG00000084207,18.178167,5.3964524,7.69E-74,2.11E-70
lung ciliated cell,rest,6,ENSG00000105519,18.091919,10.868357,3.69E-73,8.86E-70
lung ciliated cell,rest,7,ENSG00000080824,18.02777,4.645181,1.18E-72,2.52E-69
lung ciliated cell,rest,8,ENSG00000183644,17.642681,11.145041,1.16E-69,2.22E-66
lung ciliated cell,rest,9,ENSG00000188817,17.514908,11.119371,1.10E-68,1.93E-65
lung ciliated cell,rest,10,ENSG00000092820,17.38996,6.1711297,9.83E-68,1.57E-64
lung ciliated cell,rest,11,ENSG00000173467,17.37874,8.299298,1.20E-67,1.77E-64
lung ciliated cell,rest,12,ENSG00000147400,17.235947,8.842879,1.43E-66,1.96E-63
lung ciliated cell,rest,13,ENSG00000186973,16.476915,10.7233305,5.38E-61,6.88E-58
lung ciliated cell,rest,14,ENSG00000173947,16.034115,10.059877,7.38E-58,8.86E-55
lung ciliated cell,rest,15,ENSG00000113141,15.654073,6.7538185,3.12E-55,3.33E-52
lung ciliated cell,rest,16,ENSG00000179902,15.643306,10.703395,3.69E-55,3.73E-52
lung ciliated cell,rest,17,ENSG00000106541,15.465727,7.5633492,5.91E-54,5.68E-51
lung ciliated cell,rest,18,ENSG00000126432,15.371949,6.0911303,2.52E-53,2.31E-50
lung ciliated cell,rest,19,ENSG00000143933,14.936679,3.6898077,1.90E-50,1.66E-47
lung ciliated cell,rest,20,ENSG00000088986,14.919398,6.029489,2.46E-50,2.06E-47
lung ciliated cell,rest,21,ENSG00000166959,14.844783,9.393518,7.52E-50,6.02E-47
lung ciliated cell,rest,22,ENSG00000135205,14.660541,9.249954,1.15E-48,8.86E-46
lung ciliated cell,rest,23,ENSG00000155761,14.584269,9.932866,3.54E-48,2.61E-45
lung ciliated cell,rest,24,ENSG00000089356,14.555431,6.6212335,5.39E-48,3.84E-45
lung ciliated cell,rest,25,ENSG00000197748,14.444073,9.2963085,2.73E-47,1.87E-44
lung ciliated cell,rest,26,ENSG00000198668,14.327331,4.276333,1.48E-46,9.78E-44
lung ciliated cell,rest,27,ENSG00000070081,14.266983,6.7758284,3.51E-46,2.25E-43
lung ciliated cell,rest,28,ENSG00000154099,14.248159,8.942602,4.60E-46,2.85E-43
lung ciliated cell,rest,29,ENSG00000188229,14.058082,6.396436,6.87E-45,4.12E-42
lung ciliated cell,rest,30,ENSG00000114446,13.867138,6.4600987,1.00E-43,5.83E-41
lung ciliated cell,rest,31,ENSG00000159079,13.837773,6.233471,1.51E-43,8.52E-41
lung ciliated cell,rest,32,ENSG00000128536,13.730254,8.695488,6.69E-43,3.67E-40
lung ciliated cell,rest,33,ENSG00000174844,13.701342,9.658299,9.97E-43,5.32E-40
lung ciliated cell,rest,34,ENSG00000243955,13.601089,9.227237,3.95E-42,1.99E-39
lung ciliated cell,rest,35,ENSG00000133640,13.535508,9.297351,9.65E-42,4.75E-39
lung ciliated cell,rest,36,ENSG00000272398,13.513485,7.540222,1.30E-41,6.12E-39
lung ciliated cell,rest,37,ENSG00000188010,13.513184,7.753333,1.31E-41,6.12E-39
lung ciliated cell,rest,38,ENSG00000064199,13.342494,8.186593,1.31E-40,5.99E-38
lung ciliated cell,rest,39,ENSG00000120262,13.3054495,8.117275,2.15E-40,9.61E-38
lung ciliated cell,rest,40,ENSG00000188659,13.238552,9.657329,5.26E-40,2.29E-37
lung ciliated cell,rest,41,ENSG00000101443,13.169696,6.344597,1.31E-39,5.60E-37
lung ciliated cell,rest,42,ENSG00000111834,13.154901,9.128818,1.59E-39,6.66E-37
lung ciliated cell,rest,43,ENSG00000142973,13.137885,6.693925,2.00E-39,8.16E-37
lung ciliated cell,rest,44,ENSG00000160345,13.133555,9.002255,2.11E-39,8.46E-37
lung ciliated cell,rest,45,ENSG00000277639,13.118233,8.946185,2.59E-39,1.01E-36
lung ciliated cell,rest,46,ENSG00000178965,13.096097,9.599516,3.47E-39,1.33E-36
lung ciliated cell,rest,47,ENSG00000152611,13.028672,9.178462,8.41E-39,3.10E-36
lung ciliated cell,rest,48,ENSG00000103534,12.925709,6.4897423,3.22E-38,1.17E-35
lung ciliated cell,rest,49,ENSG00000118418,12.833813,5.5968323,1.06E-37,3.77E-35
lung ciliated cell,rest,50,ENSG00000188931,12.769211,9.059921,2.44E-37,8.35E-35
lung ciliated cell,rest,51,ENSG00000205155,12.75212,6.5032606,3.03E-37,1.02E-34
lung ciliated cell,rest,52,ENSG00000152582,12.748393,8.393684,3.18E-37,1.04E-34
lung ciliated cell,rest,53,ENSG00000151023,12.748242,9.754008,3.19E-37,1.04E-34
lung ciliated cell,rest,54,ENSG00000122417,12.68654,6.2349463,7.02E-37,2.25E-34
lung ciliated cell,rest,55,ENSG00000090273,12.596112,5.6046257,2.22E-36,6.98E-34
lung ciliated cell,rest,56,ENSG00000039139,12.582371,7.8176503,2.64E-36,8.18E-34
lung ciliated cell,rest,57,ENSG00000154080,12.555642,8.593809,3.70E-36,1.13E-33
lung ciliated cell,rest,58,ENSG00000203985,12.508395,8.918688,6.72E-36,2.02E-33
lung ciliated cell,rest,59,ENSG00000285390,12.443342,5.070984,1.52E-35,4.42E-33
lung ciliated cell,rest,60,ENSG00000198840,12.400952,2.4604788,2.58E-35,7.40E-33
lung ciliated cell,rest,61,ENSG00000160401,12.392707,8.906123,2.86E-35,8.08E-33
lung ciliated cell,rest,62,ENSG00000154479,12.365828,8.737561,4.00E-35,1.11E-32
lung ciliated cell,rest,63,ENSG00000165092,12.200371,5.578879,3.09E-34,8.49E-32
lung ciliated cell,rest,64,ENSG00000163435,12.183806,5.771945,3.79E-34,1.01E-31
lung ciliated cell,rest,65,ENSG00000198763,12.161633,2.7406576,4.98E-34,1.31E-31
lung ciliated cell,rest,66,ENSG00000179813,12.091496,9.202564,1.17E-33,3.04E-31
lung ciliated cell,rest,67,ENSG00000004838,12.028852,8.784311,2.51E-33,6.42E-31
lung ciliated cell,rest,68,ENSG00000125868,12.011874,4.65405,3.08E-33,7.78E-31
lung ciliated cell,rest,69,ENSG00000172361,12.010707,8.810526,3.12E-33,7.79E-31
lung ciliated cell,rest,70,ENSG00000168589,12.007695,8.789098,3.24E-33,7.97E-31
lung ciliated cell,rest,71,ENSG00000114473,11.938237,7.6304445,7.48E-33,1.82E-30
lung ciliated cell,rest,72,ENSG00000112378,11.900251,6.1424046,1.18E-32,2.83E-30
lung ciliated cell,rest,73,ENSG00000143222,11.860986,5.509909,1.89E-32,4.48E-30
lung ciliated cell,rest,74,ENSG00000267795,11.848337,6.4295597,2.20E-32,5.14E-30
lung ciliated cell,rest,75,ENSG00000156042,11.721656,8.440388,9.87E-32,2.20E-29
lung ciliated cell,rest,76,ENSG00000198727,11.689958,1.859812,1.43E-31,3.17E-29
lung ciliated cell,rest,77,ENSG00000215217,11.657995,8.649132,2.09E-31,4.56E-29
lung ciliated cell,rest,78,ENSG00000133665,11.591512,9.189325,4.55E-31,9.82E-29
lung ciliated cell,rest,79,ENSG00000119147,11.547691,8.928403,7.58E-31,1.62E-28
lung ciliated cell,rest,80,ENSG00000010626,11.402337,7.5182743,4.07E-30,8.59E-28
lung ciliated cell,rest,81,ENSG00000146425,11.368756,5.4454083,5.98E-30,1.25E-27
lung ciliated cell,rest,82,ENSG00000138587,11.332993,8.246199,9.01E-30,1.86E-27
lung ciliated cell,rest,83,ENSG00000142621,11.309388,7.629896,1.18E-29,2.41E-27
lung ciliated cell,rest,84,ENSG00000075142,11.224344,5.1723804,3.10E-29,6.20E-27
lung ciliated cell,rest,85,ENSG00000034239,11.150744,8.541811,7.10E-29,1.41E-26
lung ciliated cell,rest,86,ENSG00000167552,11.1380205,4.858342,8.19E-29,1.61E-26
lung ciliated cell,rest,87,ENSG00000157856,11.092016,9.095387,1.37E-28,2.66E-26
lung ciliated cell,rest,88,ENSG00000112539,11.075338,8.928497,1.65E-28,3.17E-26
lung ciliated cell,rest,89,ENSG00000198786,11.062049,3.169347,1.92E-28,3.64E-26
lung ciliated cell,rest,90,ENSG00000127914,11.033852,4.5826645,2.62E-28,4.94E-26
lung ciliated cell,rest,91,ENSG00000130413,10.991349,7.675817,4.21E-28,7.84E-26
lung ciliated cell,rest,92,ENSG00000213085,10.980393,8.266155,4.75E-28,8.77E-26
lung ciliated cell,rest,93,ENSG00000096384,10.971998,2.9030306,5.21E-28,9.53E-26
lung ciliated cell,rest,94,ENSG00000005448,10.947377,7.208947,6.84E-28,1.23E-25
lung ciliated cell,rest,95,ENSG00000120885,10.892451,5.270613,1.25E-27,2.23E-25
lung ciliated cell,rest,96,ENSG00000112981,10.846786,8.127242,2.07E-27,3.64E-25
lung ciliated cell,rest,97,ENSG00000284862,10.826005,7.999914,2.59E-27,4.53E-25
lung ciliated cell,rest,98,ENSG00000119636,10.806391,7.494015,3.21E-27,5.56E-25
lung ciliated cell,rest,99,ENSG00000153789,10.797996,8.539531,3.52E-27,6.03E-25
lung endothelial cell,rest,0,ENSG00000152583,11.644237,11.6958475,2.46E-31,4.72E-27
lung endothelial cell,rest,1,ENSG00000116016,10.01061,8.515665,1.37E-23,1.31E-19
lung endothelial cell,rest,2,ENSG00000157654,9.665876,8.500436,4.21E-22,2.70E-18
lung endothelial cell,rest,3,ENSG00000169908,9.588419,7.6732173,8.94E-22,4.29E-18
lung endothelial cell,rest,4,ENSG00000275214,9.09503,7.7660084,9.46E-20,3.63E-16
lung endothelial cell,rest,5,ENSG00000134531,8.765093,7.55216,1.87E-18,5.97E-15
lung endothelial cell,rest,6,ENSG00000177469,8.236801,6.8079643,1.77E-16,4.85E-13
lung endothelial cell,rest,7,ENSG00000142089,8.220551,4.8764043,2.03E-16,4.86E-13
lung endothelial cell,rest,8,ENSG00000125148,8.055582,6.3934937,7.91E-16,1.69E-12
lung endothelial cell,rest,9,ENSG00000206493,8.001836,3.9122038,1.23E-15,2.35E-12
lung endothelial cell,rest,10,ENSG00000196628,7.81853,7.9541817,5.34E-15,8.55E-12
lung endothelial cell,rest,11,ENSG00000261371,7.8082237,6.1180706,5.80E-15,8.57E-12
lung endothelial cell,rest,12,ENSG00000125810,7.7683883,8.735313,7.95E-15,1.09E-11
lung endothelial cell,rest,13,ENSG00000127920,7.5977287,7.653342,3.01E-14,3.86E-11
lung endothelial cell,rest,14,ENSG00000105974,7.011012,6.0452795,2.37E-12,2.39E-09
lung endothelial cell,rest,15,ENSG00000175899,6.617528,6.050134,3.65E-11,3.34E-08
lung endothelial cell,rest,16,ENSG00000102804,6.532103,4.800276,6.49E-11,5.66E-08
lung endothelial cell,rest,17,ENSG00000134954,6.5215435,6.7026696,6.96E-11,5.81E-08
lung endothelial cell,rest,18,ENSG00000136156,6.456985,3.5973332,1.07E-10,8.55E-08
lung endothelial cell,rest,19,ENSG00000121858,6.4395337,5.4119735,1.20E-10,9.21E-08
lung endothelial cell,rest,20,ENSG00000108691,6.3937545,5.8960347,1.62E-10,1.18E-07
lung endothelial cell,rest,21,ENSG00000119326,6.3905296,6.5767665,1.65E-10,1.18E-07
lung endothelial cell,rest,22,ENSG00000285438,6.338807,8.749283,2.32E-10,1.48E-07
lung endothelial cell,rest,23,ENSG00000171056,6.3329268,8.648466,2.41E-10,1.49E-07
lung endothelial cell,rest,24,ENSG00000102755,6.2864523,8.360254,3.25E-10,1.95E-07
lung endothelial cell,rest,25,ENSG00000163565,6.25098,4.455679,4.08E-10,2.37E-07
lung endothelial cell,rest,26,ENSG00000111341,6.2283435,5.8780303,4.71E-10,2.59E-07
lung endothelial cell,rest,27,ENSG00000100906,6.183323,4.2270284,6.28E-10,3.35E-07
lung endothelial cell,rest,28,ENSG00000110799,6.133877,9.032382,8.58E-10,4.45E-07
lung endothelial cell,rest,29,ENSG00000277236,6.0860744,8.042309,1.16E-09,5.85E-07
lung endothelial cell,rest,30,ENSG00000172889,6.0566087,8.042353,1.39E-09,6.85E-07
lung endothelial cell,rest,31,ENSG00000162618,5.948674,9.899083,2.70E-09,1.30E-06
lung endothelial cell,rest,32,ENSG00000132530,5.942098,4.9673023,2.81E-09,1.32E-06
lung endothelial cell,rest,33,ENSG00000213088,5.906436,9.122164,3.50E-09,1.60E-06
lung endothelial cell,rest,34,ENSG00000131016,5.8942327,6.774269,3.76E-09,1.68E-06
lung endothelial cell,rest,35,ENSG00000225201,5.8278403,2.4275112,5.61E-09,2.40E-06
lung endothelial cell,rest,36,ENSG00000162407,5.766949,6.303077,8.07E-09,3.37E-06
lung endothelial cell,rest,37,ENSG00000176907,5.6798177,4.647069,1.35E-08,5.39E-06
lung endothelial cell,rest,38,ENSG00000168309,5.676403,8.445387,1.38E-08,5.39E-06
lung endothelial cell,rest,39,ENSG00000137033,5.65187,6.6516237,1.59E-08,6.10E-06
lung endothelial cell,rest,40,ENSG00000060138,5.620381,4.335732,1.91E-08,7.14E-06
lung endothelial cell,rest,41,ENSG00000240583,5.608873,5.2177014,2.04E-08,7.38E-06
lung endothelial cell,rest,42,ENSG00000023445,5.5838337,5.1088247,2.35E-08,8.37E-06
lung endothelial cell,rest,43,ENSG00000107438,5.578396,4.2415037,2.43E-08,8.43E-06
lung endothelial cell,rest,44,ENSG00000064989,5.576309,7.344298,2.46E-08,8.43E-06
lung endothelial cell,rest,45,ENSG00000085063,5.5620823,3.762464,2.67E-08,8.98E-06
lung endothelial cell,rest,46,ENSG00000187193,5.5068817,5.402224,3.65E-08,1.21E-05
lung endothelial cell,rest,47,ENSG00000152661,5.4919596,5.5446534,3.97E-08,1.29E-05
lung endothelial cell,rest,48,ENSG00000182809,5.480894,5.076655,4.23E-08,1.35E-05
lung endothelial cell,rest,49,ENSG00000168497,5.455918,4.8591948,4.87E-08,1.49E-05
lung endothelial cell,rest,50,ENSG00000276409,5.433218,7.6775913,5.53E-08,1.66E-05
lung endothelial cell,rest,51,ENSG00000227715,5.3952165,2.7226684,6.84E-08,1.99E-05
lung endothelial cell,rest,52,ENSG00000127329,5.3856053,7.474466,7.22E-08,2.06E-05
lung endothelial cell,rest,53,ENSG00000235657,5.3838983,2.7097394,7.29E-08,2.06E-05
lung endothelial cell,rest,54,ENSG00000133110,5.3727064,7.5750146,7.76E-08,2.16E-05
lung endothelial cell,rest,55,ENSG00000115306,5.303722,4.409933,1.13E-07,3.03E-05
lung endothelial cell,rest,56,ENSG00000204217,5.2831717,5.3283577,1.27E-07,3.25E-05
lung endothelial cell,rest,57,ENSG00000165949,5.231386,4.94002,1.68E-07,4.25E-05
lung endothelial cell,rest,58,ENSG00000282521,5.1632867,6.8538218,2.43E-07,6.05E-05
lung endothelial cell,rest,59,ENSG00000157557,5.1605043,4.0658393,2.46E-07,6.06E-05
lung endothelial cell,rest,60,ENSG00000113140,5.1354017,5.090356,2.82E-07,6.76E-05
lung endothelial cell,rest,61,ENSG00000054654,5.1178236,4.2968135,3.09E-07,7.24E-05
lung endothelial cell,rest,62,ENSG00000187498,5.099803,6.9032087,3.40E-07,7.68E-05
lung endothelial cell,rest,63,ENSG00000136244,5.024179,6.6419196,5.06E-07,0.000111613
lung endothelial cell,rest,64,ENSG00000179776,5.012798,7.9443774,5.36E-07,0.000115763
lung endothelial cell,rest,65,ENSG00000108654,4.9664497,1.9791052,6.82E-07,0.000142354
lung endothelial cell,rest,66,ENSG00000117523,4.952349,3.2518902,7.33E-07,0.000151424
lung endothelial cell,rest,67,ENSG00000114315,4.939134,4.534791,7.85E-07,0.00016033
lung endothelial cell,rest,68,ENSG00000170989,4.922947,6.969656,8.53E-07,0.000170554
lung endothelial cell,rest,69,ENSG00000106366,4.9096055,6.156778,9.13E-07,0.00017995
lung endothelial cell,rest,70,ENSG00000275688,4.908404,6.40676,9.18E-07,0.00017995
lung endothelial cell,rest,71,ENSG00000165507,4.8979707,6.866677,9.68E-07,0.000187853
lung endothelial cell,rest,72,ENSG00000108342,4.8659763,6.0097938,1.14E-06,0.000218743
lung endothelial cell,rest,73,ENSG00000185201,4.8553534,3.085154,1.20E-06,0.000228518
lung endothelial cell,rest,74,ENSG00000099260,4.8177314,6.2493773,1.45E-06,0.000270748
lung endothelial cell,rest,75,ENSG00000018408,4.8060336,4.563623,1.54E-06,0.00028196
lung endothelial cell,rest,76,ENSG00000149564,4.8057804,6.092791,1.54E-06,0.00028196
lung endothelial cell,rest,77,ENSG00000177606,4.727122,3.1011512,2.28E-06,0.000408755
lung endothelial cell,rest,78,ENSG00000184113,4.695633,6.8484273,2.66E-06,0.000464056
lung endothelial cell,rest,79,ENSG00000150687,4.5936418,5.3354836,4.36E-06,0.000715016
lung endothelial cell,rest,80,ENSG00000111859,4.5753684,3.922214,4.75E-06,0.000760851
lung endothelial cell,rest,81,ENSG00000102265,4.5554504,3.2718656,5.23E-06,0.00081623
lung endothelial cell,rest,82,ENSG00000148175,4.548369,3.8748932,5.41E-06,0.000837372
lung endothelial cell,rest,83,ENSG00000163638,4.5388207,7.2246385,5.66E-06,0.000869181
lung endothelial cell,rest,84,ENSG00000178726,4.533952,4.459372,5.79E-06,0.000882411
lung endothelial cell,rest,85,ENSG00000137710,4.5273128,4.002335,5.97E-06,0.000893942
lung endothelial cell,rest,86,ENSG00000211445,4.521496,5.0233455,6.14E-06,0.000907176
lung endothelial cell,rest,87,ENSG00000171988,4.487857,3.634745,7.19E-06,0.00103115
lung endothelial cell,rest,88,ENSG00000273686,4.4657893,2.3052597,7.98E-06,0.001116674
lung endothelial cell,rest,89,ENSG00000163453,4.4630075,4.574733,8.08E-06,0.001116674
lung endothelial cell,rest,90,ENSG00000137831,4.416596,4.794125,1.00E-05,0.001337316
lung endothelial cell,rest,91,ENSG00000003402,4.4100833,3.0542438,1.03E-05,0.00136867
lung endothelial cell,rest,92,ENSG00000184557,4.3954773,3.9022079,1.11E-05,0.001453996
lung endothelial cell,rest,93,ENSG00000142192,4.3834,4.017101,1.17E-05,0.00152022
lung endothelial cell,rest,94,ENSG00000158352,4.37948,5.920632,1.19E-05,0.001533425
lung endothelial cell,rest,95,ENSG00000090339,4.353745,3.4307923,1.34E-05,0.00170223
lung endothelial cell,rest,96,ENSG00000105835,4.331424,3.017992,1.48E-05,0.001835694
lung endothelial cell,rest,97,ENSG00000232126,4.314605,2.5446398,1.60E-05,0.001968473
lung endothelial cell,rest,98,ENSG00000135048,4.311254,5.525371,1.62E-05,0.00198582
lung endothelial cell,rest,99,ENSG00000065613,4.291463,3.5954769,1.78E-05,0.002157636
lung macrophage,rest,0,ENSG00000087086,40.57886,3.3207,0,0
lung macrophage,rest,1,ENSG00000216490,39.62564,7.4883046,0,0
lung macrophage,rest,2,ENSG00000011600,39.21692,7.8874183,0,0
lung macrophage,rest,3,ENSG00000268173,38.4697,7.080726,0,0
lung macrophage,rest,4,ENSG00000034510,38.432835,3.210409,0,0
lung macrophage,rest,5,ENSG00000163131,36.089996,6.827224,3.26E-285,1.04E-281
lung macrophage,rest,6,ENSG00000197746,35.070217,5.5710716,1.92E-269,5.26E-266
lung macrophage,rest,7,ENSG00000167996,34.984646,2.6698177,3.85E-268,9.25E-265
lung macrophage,rest,8,ENSG00000019582,33.87625,3.8922668,1.49E-251,3.18E-248
lung macrophage,rest,9,ENSG00000235588,33.847977,7.147601,3.89E-251,7.47E-248
lung macrophage,rest,10,ENSG00000205542,33.40569,1.6073229,1.13E-244,1.98E-241
lung macrophage,rest,11,ENSG00000196154,33.242897,5.65964,2.59E-242,4.14E-239
lung macrophage,rest,12,ENSG00000090382,32.50537,6.925275,8.95E-232,1.32E-228
lung macrophage,rest,13,ENSG00000229685,32.296154,5.6963577,7.92E-229,1.09E-225
lung macrophage,rest,14,ENSG00000206240,32.005463,6.0653877,9.15E-225,1.17E-221
lung macrophage,rest,15,ENSG00000019169,30.783741,8.250082,4.33E-208,5.19E-205
lung macrophage,rest,16,ENSG00000173372,30.609764,7.670952,9.07E-206,1.03E-202
lung macrophage,rest,17,ENSG00000260314,30.573261,7.6991196,2.78E-205,2.96E-202
lung macrophage,rest,18,ENSG00000158869,29.974075,6.2567363,2.14E-197,2.16E-194
lung macrophage,rest,19,ENSG00000183019,29.693027,7.8022914,9.45E-194,9.07E-191
lung macrophage,rest,20,ENSG00000130208,29.65319,6.668085,3.09E-193,2.82E-190
lung macrophage,rest,21,ENSG00000229295,28.649845,5.2091393,1.61E-180,1.41E-177
lung macrophage,rest,22,ENSG00000165168,28.222113,6.990727,3.13E-175,2.61E-172
lung macrophage,rest,23,ENSG00000166710,27.961994,1.7722574,4.71E-172,3.77E-169
lung macrophage,rest,24,ENSG00000173369,27.604277,7.4924603,9.89E-168,7.60E-165
lung macrophage,rest,25,ENSG00000165140,27.567862,6.1534686,2.70E-167,2.00E-164
lung macrophage,rest,26,ENSG00000213145,27.553534,4.325967,4.01E-167,2.86E-164
lung macrophage,rest,27,ENSG00000206450,27.545322,4.961548,5.03E-167,3.45E-164
lung macrophage,rest,28,ENSG00000169442,27.434708,5.6223297,1.06E-165,6.91E-163
lung macrophage,rest,29,ENSG00000030582,27.433949,6.081025,1.08E-165,6.91E-163
lung macrophage,rest,30,ENSG00000234794,27.417736,4.6394014,1.69E-165,1.04E-162
lung macrophage,rest,31,ENSG00000231389,27.21481,4.3195505,4.34E-163,2.60E-160
lung macrophage,rest,32,ENSG00000224103,27.164412,4.3117785,1.71E-162,9.96E-160
lung macrophage,rest,33,ENSG00000226260,26.732323,4.45823,1.98E-157,1.12E-154
lung macrophage,rest,34,ENSG00000026025,26.622036,4.556555,3.77E-156,2.07E-153
lung macrophage,rest,35,ENSG00000132965,26.320835,5.6640396,1.11E-152,5.91E-150
lung macrophage,rest,36,ENSG00000100300,26.218777,4.9351983,1.62E-151,8.43E-149
lung macrophage,rest,37,ENSG00000230463,26.19204,5.121661,3.27E-151,1.66E-148
lung macrophage,rest,38,ENSG00000234514,26.172611,5.8143144,5.45E-151,2.68E-148
lung macrophage,rest,39,ENSG00000117984,25.929743,4.7865715,3.08E-148,1.48E-145
lung macrophage,rest,40,ENSG00000166927,25.63549,6.683304,6.14E-145,2.87E-142
lung macrophage,rest,41,ENSG00000163191,25.568085,4.5162277,3.46E-144,1.58E-141
lung macrophage,rest,42,ENSG00000234745,25.343313,4.1598763,1.06E-141,4.76E-139
lung macrophage,rest,43,ENSG00000206452,25.307087,4.223218,2.67E-141,1.17E-138
lung macrophage,rest,44,ENSG00000285132,25.255064,5.028126,9.96E-141,4.25E-138
lung macrophage,rest,45,ENSG00000223865,25.22881,4.5020227,1.94E-140,8.08E-138
lung macrophage,rest,46,ENSG00000206435,25.198477,4.200446,4.16E-140,1.70E-137
lung macrophage,rest,47,ENSG00000164111,25.186068,4.276985,5.69E-140,2.26E-137
lung macrophage,rest,48,ENSG00000038945,25.185549,6.761126,5.77E-140,2.26E-137
lung macrophage,rest,49,ENSG00000226826,24.964493,4.4255104,1.49E-137,5.71E-135
lung macrophage,rest,50,ENSG00000204472,24.520288,4.958601,8.98E-133,3.38E-130
lung macrophage,rest,51,ENSG00000092841,24.433697,2.2166886,7.50E-132,2.77E-129
lung macrophage,rest,52,ENSG00000162511,24.306576,5.105276,1.67E-130,6.05E-128
lung macrophage,rest,53,ENSG00000229074,24.214731,5.873785,1.56E-129,5.54E-127
lung macrophage,rest,54,ENSG00000018280,24.030127,5.857974,1.35E-127,4.70E-125
lung macrophage,rest,55,ENSG00000228299,23.832455,4.0596213,1.54E-125,5.10E-123
lung macrophage,rest,56,ENSG00000173391,23.76759,6.3402057,7.23E-125,2.35E-122
lung macrophage,rest,57,ENSG00000203747,23.473717,5.840416,7.57E-122,2.38E-119
lung macrophage,rest,58,ENSG00000163563,23.42109,5.3950124,2.61E-121,8.07E-119
lung macrophage,rest,59,ENSG00000170323,23.308832,6.0326624,3.61E-120,1.10E-117
lung macrophage,rest,60,ENSG00000148834,23.176975,5.0476003,7.77E-119,2.33E-116
lung macrophage,rest,61,ENSG00000131981,23.042423,3.3733053,1.75E-117,5.18E-115
lung macrophage,rest,62,ENSG00000116701,23.007511,6.1496396,3.92E-117,1.14E-114
lung macrophage,rest,63,ENSG00000163220,22.891003,4.7051234,5.71E-116,1.64E-113
lung macrophage,rest,64,ENSG00000101347,22.092745,5.1192317,3.71E-108,1.02E-105
lung macrophage,rest,65,ENSG00000223465,21.843327,4.8878,9.00E-106,2.43E-103
lung macrophage,rest,66,ENSG00000143549,21.780914,3.3556466,3.52E-105,9.39E-103
lung macrophage,rest,67,ENSG00000129226,21.653725,5.7484913,5.61E-104,1.47E-101
lung macrophage,rest,68,ENSG00000140264,21.453875,2.4244506,4.20E-102,1.09E-99
lung macrophage,rest,69,ENSG00000135821,21.403511,4.08697,1.24E-101,3.17E-99
lung macrophage,rest,70,ENSG00000104904,21.2949,2.8856292,1.27E-100,3.20E-98
lung macrophage,rest,71,ENSG00000236884,21.017138,4.5166044,4.57E-98,1.14E-95
lung macrophage,rest,72,ENSG00000197956,20.988066,1.4189214,8.43E-98,2.08E-95
lung macrophage,rest,73,ENSG00000111144,20.979511,4.5930033,1.01E-97,2.45E-95
lung macrophage,rest,74,ENSG00000124172,20.825308,2.8642008,2.55E-96,6.13E-94
lung macrophage,rest,75,ENSG00000215048,20.804083,3.5389974,3.97E-96,9.42E-94
lung macrophage,rest,76,ENSG00000115355,20.56856,4.895589,5.25E-94,1.23E-91
lung macrophage,rest,77,ENSG00000155659,20.392355,6.368588,1.96E-92,4.52E-90
lung macrophage,rest,78,ENSG00000109861,20.36802,4.45412,3.21E-92,7.35E-90
lung macrophage,rest,79,ENSG00000111275,20.061962,3.8427608,1.59E-89,3.54E-87
lung macrophage,rest,80,ENSG00000239463,20.026323,4.186687,3.25E-89,7.17E-87
lung macrophage,rest,81,ENSG00000197747,19.734646,3.0596406,1.09E-86,2.37E-84
lung macrophage,rest,82,ENSG00000136167,19.695396,4.289444,2.36E-86,5.10E-84
lung macrophage,rest,83,ENSG00000197249,19.519121,4.1050334,7.55E-85,1.61E-82
lung macrophage,rest,84,ENSG00000135047,19.516338,4.671318,7.98E-85,1.68E-82
lung macrophage,rest,85,ENSG00000136235,19.484346,5.5670395,1.49E-84,3.11E-82
lung macrophage,rest,86,ENSG00000162704,19.31405,3.6412382,4.09E-83,8.27E-81
lung macrophage,rest,87,ENSG00000065978,19.308952,3.406617,4.52E-83,9.04E-81
lung macrophage,rest,88,ENSG00000233276,18.697685,3.3105798,5.17E-78,1.02E-75
lung macrophage,rest,89,ENSG00000111229,18.453556,3.308951,4.88E-76,9.57E-74
lung macrophage,rest,90,ENSG00000265972,18.431364,3.3582926,7.36E-76,1.43E-73
lung macrophage,rest,91,ENSG00000101439,18.394636,3.6986575,1.45E-75,2.79E-73
lung macrophage,rest,92,ENSG00000115414,18.25616,4.6669235,1.85E-74,3.51E-72
lung macrophage,rest,93,ENSG00000142669,18.090221,3.5278795,3.81E-73,7.17E-71
lung macrophage,rest,94,ENSG00000140749,17.928534,4.6698546,7.06E-72,1.32E-69
lung macrophage,rest,95,ENSG00000101182,17.826353,3.118238,4.41E-71,8.15E-69
lung macrophage,rest,96,ENSG00000122862,17.717674,3.9923544,3.06E-70,5.60E-68
lung macrophage,rest,97,ENSG00000163466,17.511793,2.8710592,1.16E-68,2.09E-66
lung macrophage,rest,98,ENSG00000051523,17.388094,4.3324695,1.02E-67,1.81E-65
lung macrophage,rest,99,ENSG00000182718,17.370983,3.0219946,1.37E-67,2.41E-65
lung secretory cell,rest,0,ENSG00000166347,11.831591,6.032327,2.68E-32,2.57E-28
lung secretory cell,rest,1,ENSG00000171345,10.870908,5.9789944,1.59E-27,4.96E-24
lung secretory cell,rest,2,ENSG00000094963,10.069749,6.9113474,7.52E-24,1.60E-20
lung secretory cell,rest,3,ENSG00000148671,9.742788,5.246988,1.98E-22,3.80E-19
lung secretory cell,rest,4,ENSG00000161055,8.941323,5.5408506,3.85E-19,5.68E-16
lung secretory cell,rest,5,ENSG00000198755,8.638276,2.2312057,5.71E-18,7.31E-15
lung secretory cell,rest,6,ENSG00000047457,8.502885,5.91724,1.85E-17,2.22E-14
lung secretory cell,rest,8,ENSG00000223367,8.388696,1.5691426,4.92E-17,5.25E-14
lung secretory cell,rest,9,ENSG00000089356,8.211991,4.462699,2.18E-16,2.20E-13
lung secretory cell,rest,11,ENSG00000101443,8.006127,4.724423,1.18E-15,9.88E-13
lung secretory cell,rest,12,ENSG00000008394,7.951175,4.1781774,1.85E-15,1.48E-12
lung secretory cell,rest,14,ENSG00000256612,7.7448306,4.5180545,9.57E-15,7.07E-12
lung secretory cell,rest,15,ENSG00000135480,7.6250896,4.895924,2.44E-14,1.62E-11
lung secretory cell,rest,16,ENSG00000137673,7.6002145,6.412754,2.96E-14,1.84E-11
lung secretory cell,rest,17,ENSG00000184292,7.599559,4.7051363,2.97E-14,1.84E-11
lung secretory cell,rest,18,ENSG00000083845,7.3625245,2.235302,1.80E-13,1.02E-10
lung secretory cell,rest,19,ENSG00000149021,7.322305,3.771176,2.44E-13,1.30E-10
lung secretory cell,rest,21,ENSG00000196754,7.1879187,5.4952693,6.58E-13,3.16E-10
lung secretory cell,rest,22,ENSG00000089157,7.1788254,1.9551531,7.03E-13,3.29E-10
lung secretory cell,rest,23,ENSG00000120885,7.091435,4.027731,1.33E-12,5.93E-10
lung secretory cell,rest,24,ENSG00000010278,7.0348654,3.225408,1.99E-12,8.51E-10
lung secretory cell,rest,25,ENSG00000124107,6.930075,3.573259,4.21E-12,1.76E-09
lung secretory cell,rest,26,ENSG00000142973,6.9090476,4.2171493,4.88E-12,1.99E-09
lung secretory cell,rest,27,ENSG00000167642,6.7653494,3.6789856,1.33E-11,5.21E-09
lung secretory cell,rest,28,ENSG00000175265,6.7433596,4.0400085,1.55E-11,5.83E-09
lung secretory cell,rest,29,ENSG00000105974,6.6580677,4.1205063,2.77E-11,9.87E-09
lung secretory cell,rest,30,ENSG00000100316,6.508992,1.1052015,7.57E-11,2.64E-08
lung secretory cell,rest,31,ENSG00000102804,6.4828935,3.5563169,9.00E-11,3.09E-08
lung secretory cell,rest,32,ENSG00000167644,6.3704095,3.6242023,1.89E-10,6.24E-08
lung secretory cell,rest,33,ENSG00000240972,6.171103,2.6319132,6.78E-10,2.07E-07
lung secretory cell,rest,34,ENSG00000135373,6.1570697,3.9393287,7.41E-10,2.22E-07
lung secretory cell,rest,37,ENSG00000189377,5.9541354,3.411473,2.61E-09,7.38E-07
lung secretory cell,rest,38,ENSG00000111057,5.948408,3.3525836,2.71E-09,7.54E-07
lung secretory cell,rest,39,ENSG00000086548,5.9449983,4.3895125,2.76E-09,7.59E-07
lung secretory cell,rest,41,ENSG00000265681,5.8339133,1.3522038,5.41E-09,1.41E-06
lung secretory cell,rest,42,ENSG00000084207,5.8268747,2.5480046,5.65E-09,1.45E-06
lung secretory cell,rest,44,ENSG00000198034,5.708489,1.3116314,1.14E-08,2.77E-06
lung secretory cell,rest,45,ENSG00000138326,5.6799855,1.3821285,1.35E-08,3.23E-06
lung secretory cell,rest,46,ENSG00000162896,5.664772,3.3139262,1.47E-08,3.49E-06
lung secretory cell,rest,47,ENSG00000149273,5.6501703,1.5012865,1.60E-08,3.75E-06
lung secretory cell,rest,48,ENSG00000106541,5.485925,3.3559527,4.11E-08,8.98E-06
lung secretory cell,rest,49,ENSG00000128422,5.4655094,5.2077017,4.62E-08,9.96E-06
lung secretory cell,rest,50,ENSG00000196352,5.426995,2.6472337,5.73E-08,1.21E-05
lung secretory cell,rest,52,ENSG00000171346,5.403956,5.8543577,6.52E-08,1.35E-05
lung secretory cell,rest,53,ENSG00000125999,5.395081,5.0849204,6.85E-08,1.38E-05
lung secretory cell,rest,54,ENSG00000110195,5.3930264,3.3183584,6.93E-08,1.39E-05
lung secretory cell,rest,55,ENSG00000103534,5.2883677,3.3182452,1.23E-07,2.39E-05
lung secretory cell,rest,56,ENSG00000112378,5.2724547,3.409079,1.35E-07,2.56E-05
lung secretory cell,rest,57,ENSG00000248527,5.1863756,1.9578942,2.14E-07,4.04E-05
lung secretory cell,rest,59,ENSG00000125868,5.1669216,2.609761,2.38E-07,4.31E-05
lung secretory cell,rest,60,ENSG00000165092,5.1394672,2.87039,2.76E-07,4.91E-05
lung secretory cell,rest,61,ENSG00000170017,5.1389866,2.7444656,2.76E-07,4.91E-05
lung secretory cell,rest,62,ENSG00000198727,5.12233,1.2216749,3.02E-07,5.27E-05
lung secretory cell,rest,63,ENSG00000280858,5.111314,1.5962622,3.20E-07,5.54E-05
lung secretory cell,rest,64,ENSG00000170421,5.093914,2.9883893,3.51E-07,5.96E-05
lung secretory cell,rest,65,ENSG00000029993,5.0436397,3.90805,4.57E-07,7.63E-05
lung secretory cell,rest,66,ENSG00000119888,4.9704137,3.239238,6.68E-07,0.000109672
lung secretory cell,rest,67,ENSG00000197756,4.9614515,1.1021928,7.00E-07,0.000112925
lung secretory cell,rest,68,ENSG00000054654,4.9529266,2.9179366,7.31E-07,0.000117005
lung secretory cell,rest,69,ENSG00000198242,4.860596,1.2155749,1.17E-06,0.00018424
lung secretory cell,rest,70,ENSG00000163435,4.848137,2.882632,1.25E-06,0.0001946
lung secretory cell,rest,71,ENSG00000178980,4.821557,2.4934268,1.42E-06,0.000219869
lung secretory cell,rest,72,ENSG00000189143,4.8206387,3.009329,1.43E-06,0.000219869
lung secretory cell,rest,73,ENSG00000188846,4.781031,1.0255622,1.74E-06,0.000260726
lung secretory cell,rest,74,ENSG00000136153,4.743041,2.7803564,2.11E-06,0.000306327
lung secretory cell,rest,75,ENSG00000276701,4.740199,2.1554794,2.14E-06,0.000308319
lung secretory cell,rest,76,ENSG00000254772,4.7165484,1.8672999,2.40E-06,0.000343815
lung secretory cell,rest,77,ENSG00000189058,4.5704894,4.928238,4.87E-06,0.000658125
lung secretory cell,rest,78,ENSG00000187134,4.5683475,3.7518942,4.92E-06,0.000660236
lung secretory cell,rest,79,ENSG00000255508,4.52039,1.789107,6.17E-06,0.000817591
lung secretory cell,rest,80,ENSG00000107223,4.5064006,2.2846124,6.59E-06,0.000867383
lung secretory cell,rest,81,ENSG00000132386,4.4571314,3.6149273,8.31E-06,0.001049554
lung secretory cell,rest,82,ENSG00000122406,4.44065,1.1873147,8.97E-06,0.001118533
lung secretory cell,rest,83,ENSG00000110092,4.418398,3.065937,9.94E-06,0.001231649
lung secretory cell,rest,84,ENSG00000182718,4.4170866,2.1246283,1.00E-05,0.001231649
lung secretory cell,rest,85,ENSG00000174748,4.405545,1.1126666,1.06E-05,0.001290817
lung secretory cell,rest,86,ENSG00000212907,4.3885393,1.9813765,1.14E-05,0.001369803
lung secretory cell,rest,87,ENSG00000048540,4.3870525,2.9794848,1.15E-05,0.001370628
lung secretory cell,rest,88,ENSG00000169567,4.357194,2.1534722,1.32E-05,0.00154281
lung secretory cell,rest,89,ENSG00000063177,4.349937,1.4735197,1.36E-05,0.001585097
lung secretory cell,rest,90,ENSG00000166681,4.332581,2.637327,1.47E-05,0.001679464
lung secretory cell,rest,91,ENSG00000140988,4.226174,1.4122683,2.38E-05,0.002593883
lung secretory cell,rest,92,ENSG00000124766,4.215507,2.754968,2.49E-05,0.002704224
lung secretory cell,rest,94,ENSG00000167757,4.192206,4.115137,2.76E-05,0.002931359
lung secretory cell,rest,96,ENSG00000164265,4.183987,2.5641346,2.86E-05,0.002962286
lung secretory cell,rest,98,ENSG00000186468,4.169997,1.1933569,3.05E-05,0.003111812
lung secretory cell,rest,99,ENSG00000196878,4.1446853,3.2832744,3.40E-05,0.003450874
lymphocyte,rest,0,ENSG00000127920,13.415806,12.830772,4.89E-41,9.38E-37
lymphocyte,rest,1,ENSG00000168497,13.317694,10.84071,1.83E-40,1.75E-36
lymphocyte,rest,2,ENSG00000137077,13.265199,15.047342,3.68E-40,2.36E-36
lymphocyte,rest,3,ENSG00000160180,13.179456,13.117121,1.15E-39,5.53E-36
lymphocyte,rest,4,ENSG00000138722,11.356895,13.037084,6.85E-30,2.63E-26
lymphocyte,rest,5,ENSG00000003436,10.268789,8.057335,9.74E-25,3.12E-21
lymphocyte,rest,6,ENSG00000100234,10.0020275,8.555034,1.49E-23,4.10E-20
lymphocyte,rest,7,ENSG00000142089,9.739429,5.3714128,2.05E-22,4.91E-19
lymphocyte,rest,8,ENSG00000148671,9.561066,6.922567,1.17E-21,2.49E-18
lymphocyte,rest,9,ENSG00000133800,9.433266,11.503919,3.98E-21,7.08E-18
lymphocyte,rest,10,ENSG00000120885,9.431214,7.003197,4.05E-21,7.08E-18
lymphocyte,rest,11,ENSG00000225201,9.05747,4.1328244,1.34E-19,2.14E-16
lymphocyte,rest,12,ENSG00000110841,9.005217,8.774383,2.15E-19,3.18E-16
lymphocyte,rest,13,ENSG00000163453,8.740626,7.563581,2.32E-18,3.18E-15
lymphocyte,rest,14,ENSG00000288297,8.685054,9.257619,3.79E-18,4.85E-15
lymphocyte,rest,15,ENSG00000010278,8.5342045,4.873051,1.41E-17,1.69E-14
lymphocyte,rest,16,ENSG00000169908,8.43579,6.239693,3.29E-17,3.72E-14
lymphocyte,rest,17,ENSG00000118257,8.264184,7.4082546,1.41E-16,1.50E-13
lymphocyte,rest,18,ENSG00000204592,8.15865,3.5893922,3.39E-16,3.25E-13
lymphocyte,rest,19,ENSG00000105974,8.144773,6.5746083,3.80E-16,3.48E-13
lymphocyte,rest,20,ENSG00000085063,8.134876,5.2039175,4.12E-16,3.60E-13
lymphocyte,rest,21,ENSG00000182718,7.885794,3.8206682,3.13E-15,2.61E-12
lymphocyte,rest,22,ENSG00000206493,7.852668,3.5485692,4.07E-15,3.26E-12
lymphocyte,rest,23,ENSG00000167460,7.8362556,4.665146,4.64E-15,3.57E-12
lymphocyte,rest,24,ENSG00000131016,7.6945777,7.806328,1.42E-14,1.01E-11
lymphocyte,rest,25,ENSG00000122786,7.2571754,6.6834035,3.95E-13,2.62E-10
lymphocyte,rest,26,ENSG00000112769,7.186819,8.219764,6.63E-13,4.25E-10
lymphocyte,rest,27,ENSG00000103769,7.0423055,5.5937467,1.89E-12,1.17E-09
lymphocyte,rest,28,ENSG00000169756,6.8980336,5.282294,5.27E-12,3.07E-09
lymphocyte,rest,29,ENSG00000177469,6.873777,5.488142,6.25E-12,3.53E-09
lymphocyte,rest,30,ENSG00000026025,6.864545,3.9105961,6.67E-12,3.66E-09
lymphocyte,rest,31,ENSG00000134531,6.6685014,5.1493855,2.58E-11,1.34E-08
lymphocyte,rest,32,ENSG00000197747,6.651606,3.275956,2.90E-11,1.47E-08
lymphocyte,rest,33,ENSG00000184113,6.630125,8.543419,3.35E-11,1.65E-08
lymphocyte,rest,34,ENSG00000117519,6.5665274,5.834217,5.15E-11,2.47E-08
lymphocyte,rest,35,ENSG00000117707,6.5115576,10.190596,7.44E-11,3.40E-08
lymphocyte,rest,36,ENSG00000142192,6.421953,5.34809,1.35E-10,6.01E-08
lymphocyte,rest,37,ENSG00000115306,6.321729,4.960586,2.59E-10,1.13E-07
lymphocyte,rest,38,ENSG00000182809,6.111385,5.3145256,9.88E-10,4.04E-07
lymphocyte,rest,39,ENSG00000148700,6.108006,5.156195,1.01E-09,4.04E-07
lymphocyte,rest,40,ENSG00000134352,5.9470196,4.5617404,2.73E-09,9.90E-07
lymphocyte,rest,41,ENSG00000178980,5.875698,3.9990816,4.21E-09,1.50E-06
lymphocyte,rest,42,ENSG00000235505,5.7720947,7.87648,7.83E-09,2.73E-06
lymphocyte,rest,43,ENSG00000115380,5.7160997,4.796216,1.09E-08,3.74E-06
lymphocyte,rest,44,ENSG00000116667,5.6660175,5.2298746,1.46E-08,4.92E-06
lymphocyte,rest,45,ENSG00000091986,5.6474934,6.181311,1.63E-08,5.39E-06
lymphocyte,rest,46,ENSG00000175899,5.642847,4.9319663,1.67E-08,5.44E-06
lymphocyte,rest,47,ENSG00000114698,5.534598,7.296949,3.12E-08,9.66E-06
lymphocyte,rest,48,ENSG00000117632,5.5228314,4.379215,3.34E-08,1.00E-05
lymphocyte,rest,49,ENSG00000184203,5.508833,4.6874337,3.61E-08,1.07E-05
lymphocyte,rest,50,ENSG00000068001,5.498997,7.024074,3.82E-08,1.11E-05
lymphocyte,rest,51,ENSG00000261371,5.48705,4.215988,4.09E-08,1.17E-05
lymphocyte,rest,52,ENSG00000150687,5.385378,5.793952,7.23E-08,2.04E-05
lymphocyte,rest,53,ENSG00000111145,5.3570786,5.246754,8.46E-08,2.29E-05
lymphocyte,rest,54,ENSG00000166741,5.339097,4.388011,9.34E-08,2.49E-05
lymphocyte,rest,56,ENSG00000096696,5.2283134,4.969511,1.71E-07,4.32E-05
lymphocyte,rest,57,ENSG00000101938,5.221797,6.5108223,1.77E-07,4.42E-05
lymphocyte,rest,58,ENSG00000177700,5.1391916,3.1018045,2.76E-07,6.65E-05
lymphocyte,rest,59,ENSG00000234745,5.1385884,3.1689003,2.77E-07,6.65E-05
lymphocyte,rest,60,ENSG00000255508,5.0853086,2.4069004,3.67E-07,8.60E-05
lymphocyte,rest,61,ENSG00000124172,5.0757747,2.0980818,3.86E-07,8.93E-05
lymphocyte,rest,62,ENSG00000102271,5.0330544,9.258464,4.83E-07,0.000109073
lymphocyte,rest,63,ENSG00000163762,5.0240035,8.921263,5.06E-07,0.000113015
lymphocyte,rest,64,ENSG00000129422,4.968672,4.1462646,6.74E-07,0.000145476
lymphocyte,rest,65,ENSG00000115414,4.927701,3.979,8.32E-07,0.000175603
lymphocyte,rest,66,ENSG00000166710,4.8959627,1.2003709,9.78E-07,0.000204222
lymphocyte,rest,67,ENSG00000085871,4.8213825,4.585781,1.43E-06,0.000284511
lymphocyte,rest,68,ENSG00000135218,4.8198137,4.710861,1.44E-06,0.000284511
lymphocyte,rest,69,ENSG00000153993,4.7807136,7.853555,1.75E-06,0.000342325
lymphocyte,rest,70,ENSG00000185787,4.7340107,2.512821,2.20E-06,0.000422774
lymphocyte,rest,71,ENSG00000017427,4.6266665,6.272397,3.72E-06,0.000699697
lymphocyte,rest,72,ENSG00000186468,4.6085644,1.0244814,4.05E-06,0.000748773
lymphocyte,rest,73,ENSG00000157654,4.589256,4.1038866,4.45E-06,0.00080598
lymphocyte,rest,74,ENSG00000175745,4.4893937,6.751405,7.14E-06,0.001282067
lymphocyte,rest,75,ENSG00000143774,4.450354,3.3533053,8.57E-06,0.001510559
lymphocyte,rest,77,ENSG00000002586,4.3970137,3.2037323,1.10E-05,0.001849006
lymphocyte,rest,78,ENSG00000150054,4.3923674,5.1028714,1.12E-05,0.001872551
lymphocyte,rest,79,ENSG00000185201,4.362258,2.678864,1.29E-05,0.002131319
lymphocyte,rest,80,ENSG00000123416,4.342889,2.4844117,1.41E-05,0.002308352
lymphocyte,rest,81,ENSG00000178878,4.325149,4.4431677,1.52E-05,0.002424764
lymphocyte,rest,82,ENSG00000079819,4.3246665,4.543189,1.53E-05,0.002424764
lymphocyte,rest,83,ENSG00000105971,4.318331,4.086831,1.57E-05,0.002474957
lymphocyte,rest,85,ENSG00000227715,4.2864714,2.2061586,1.82E-05,0.002811722
lymphocyte,rest,86,ENSG00000235657,4.2719293,2.1932094,1.94E-05,0.002977528
lymphocyte,rest,87,ENSG00000183311,4.248578,3.0791147,2.15E-05,0.003253402
lymphocyte,rest,88,ENSG00000157554,4.2344584,6.2084765,2.29E-05,0.00343762
lymphocyte,rest,89,ENSG00000152818,4.1936088,3.197831,2.75E-05,0.004087627
lymphocyte,rest,90,ENSG00000283196,4.1046677,5.274692,4.05E-05,0.005936212
lymphocyte,rest,91,ENSG00000120279,4.0939274,6.641085,4.24E-05,0.006171051
lymphocyte,rest,92,ENSG00000100316,4.052112,1.1887245,5.08E-05,0.007329669
lymphocyte,rest,93,ENSG00000110092,4.0290623,3.7073565,5.60E-05,0.007908325
lymphocyte,rest,94,ENSG00000152661,4.018925,4.191288,5.85E-05,0.00819609
lymphocyte,rest,95,ENSG00000174099,4.0078225,5.877813,6.13E-05,0.008491197
lymphocyte,rest,96,ENSG00000128567,4.0071588,5.8614197,6.15E-05,0.008491197
lymphocyte,rest,97,ENSG00000170365,3.9962978,5.735849,6.43E-05,0.008711192
lymphocyte,rest,98,ENSG00000050165,3.9960563,5.807196,6.44E-05,0.008711192
lymphocyte,rest,99,ENSG00000150093,3.9777734,2.512506,6.96E-05,0.009342927
mast cell,rest,0,ENSG00000163751,25.454224,12.67013,6.34E-143,1.22E-138
mast cell,rest,1,ENSG00000197253,25.407633,13.192058,2.08E-142,1.99E-138
mast cell,rest,2,ENSG00000172236,25.260252,13.016784,8.74E-141,5.59E-137
mast cell,rest,3,ENSG00000163106,20.896828,10.681573,5.72E-97,2.75E-93
mast cell,rest,4,ENSG00000149534,20.018684,11.013991,3.79E-89,1.45E-85
mast cell,rest,5,ENSG00000155307,19.861607,8.26597,8.75E-88,2.80E-84
mast cell,rest,6,ENSG00000135046,19.489532,4.900379,1.35E-84,3.70E-81
mast cell,rest,7,ENSG00000116741,18.376997,7.305811,2.01E-75,4.82E-72
mast cell,rest,8,ENSG00000122862,18.208035,6.1657324,4.46E-74,9.51E-71
mast cell,rest,9,ENSG00000090104,17.995943,7.86952,2.10E-72,4.03E-69
mast cell,rest,10,ENSG00000026025,17.681429,4.763548,5.83E-70,1.02E-66
mast cell,rest,11,ENSG00000157404,17.30031,9.732284,4.68E-67,7.49E-64
mast cell,rest,12,ENSG00000140287,16.119144,8.612747,1.87E-58,2.77E-55
mast cell,rest,13,ENSG00000165646,16.067396,9.415912,4.32E-58,5.92E-55
mast cell,rest,14,ENSG00000127074,15.999844,9.22651,1.28E-57,1.64E-54
mast cell,rest,15,ENSG00000187514,15.828238,1.8503803,1.99E-56,2.39E-53
mast cell,rest,16,ENSG00000110848,15.619574,7.20378,5.36E-55,6.05E-52
mast cell,rest,17,ENSG00000179348,14.863278,9.0272045,5.71E-50,6.09E-47
mast cell,rest,18,ENSG00000109475,14.498321,1.3238251,1.24E-47,1.19E-44
mast cell,rest,19,ENSG00000164120,14.401874,6.9355307,5.04E-47,4.61E-44
mast cell,rest,20,ENSG00000120885,14.262689,5.897607,3.74E-46,3.26E-43
mast cell,rest,21,ENSG00000068366,14.098592,5.6598153,3.87E-45,3.10E-42
mast cell,rest,22,ENSG00000213741,13.784307,1.4474565,3.17E-43,2.43E-40
mast cell,rest,23,ENSG00000110002,13.653088,7.4109435,1.94E-42,1.43E-39
mast cell,rest,24,ENSG00000132475,13.426009,2.3921027,4.26E-41,3.03E-38
mast cell,rest,25,ENSG00000263961,13.066537,8.993206,5.11E-39,3.51E-36
mast cell,rest,26,ENSG00000198763,12.60386,2.5148175,2.01E-36,1.33E-33
mast cell,rest,27,ENSG00000280831,12.195903,1.6385113,3.27E-34,2.09E-31
mast cell,rest,28,ENSG00000177954,12.078234,1.1042223,1.38E-33,8.53E-31
mast cell,rest,29,ENSG00000198886,12.049306,1.9011817,1.96E-33,1.14E-30
mast cell,rest,30,ENSG00000147403,11.922952,1.1977932,8.99E-33,5.08E-30
mast cell,rest,31,ENSG00000143947,11.812825,1.360612,3.35E-32,1.79E-29
mast cell,rest,32,ENSG00000115602,11.429127,6.7997155,2.99E-30,1.51E-27
mast cell,rest,33,ENSG00000122026,10.954467,1.1629037,6.32E-28,3.04E-25
mast cell,rest,34,ENSG00000144713,10.69154,1.4265392,1.12E-26,5.22E-24
mast cell,rest,35,ENSG00000197958,10.424499,1.3573195,1.92E-25,8.76E-23
mast cell,rest,36,ENSG00000128340,10.279142,4.3605895,8.75E-25,3.82E-22
mast cell,rest,37,ENSG00000167996,10.079816,1.598067,6.79E-24,2.90E-21
mast cell,rest,38,ENSG00000142669,10.035184,3.2128038,1.07E-23,4.18E-21
mast cell,rest,39,ENSG00000111348,10.022778,3.3988156,1.21E-23,4.65E-21
mast cell,rest,40,ENSG00000198727,9.873634,1.5919787,5.42E-23,1.96E-20
mast cell,rest,41,ENSG00000115738,9.41285,3.31948,4.83E-21,1.55E-18
mast cell,rest,42,ENSG00000095917,9.319668,7.961717,1.17E-20,3.62E-18
mast cell,rest,43,ENSG00000105492,9.244704,7.387405,2.36E-20,7.08E-18
mast cell,rest,44,ENSG00000282633,9.195012,4.099503,3.75E-20,1.11E-17
mast cell,rest,45,ENSG00000160789,9.191192,2.9852443,3.89E-20,1.13E-17
mast cell,rest,46,ENSG00000197756,9.114008,1.2776499,7.94E-20,2.28E-17
mast cell,rest,47,ENSG00000211592,8.984748,4.345335,2.59E-19,7.16E-17
mast cell,rest,48,ENSG00000087074,8.983997,3.080298,2.61E-19,7.16E-17
mast cell,rest,49,ENSG00000188846,8.842265,1.3355973,9.38E-19,2.54E-16
mast cell,rest,50,ENSG00000134107,8.801878,3.2399595,1.35E-18,3.59E-16
mast cell,rest,51,ENSG00000142676,8.777782,1.0725945,1.67E-18,4.39E-16
mast cell,rest,52,ENSG00000125740,8.70197,3.1715944,3.26E-18,8.47E-16
mast cell,rest,53,ENSG00000026508,8.633112,2.7097187,5.97E-18,1.53E-15
mast cell,rest,54,ENSG00000282830,8.539669,5.448654,1.35E-17,3.31E-15
mast cell,rest,55,ENSG00000266865,8.345502,3.0516155,7.09E-17,1.68E-14
mast cell,rest,56,ENSG00000232429,8.222673,3.8595238,1.99E-16,4.44E-14
mast cell,rest,57,ENSG00000042493,8.203574,3.5118887,2.33E-16,5.15E-14
mast cell,rest,58,ENSG00000166441,8.109608,1.0916178,5.08E-16,1.11E-13
mast cell,rest,59,ENSG00000170345,7.9769855,2.0722194,1.50E-15,3.20E-13
mast cell,rest,60,ENSG00000059804,7.9643826,3.2559373,1.66E-15,3.50E-13
mast cell,rest,61,ENSG00000182899,7.958571,1.3553809,1.74E-15,3.63E-13
mast cell,rest,62,ENSG00000157654,7.9508004,4.0714784,1.85E-15,3.83E-13
mast cell,rest,63,ENSG00000130255,7.908095,1.4191232,2.61E-15,5.34E-13
mast cell,rest,64,ENSG00000135404,7.84753,1.7027354,4.24E-15,8.40E-13
mast cell,rest,65,ENSG00000041353,7.844036,5.2583575,4.36E-15,8.55E-13
mast cell,rest,66,ENSG00000071082,7.8285604,1.024889,4.93E-15,9.48E-13
mast cell,rest,67,ENSG00000132792,7.804661,4.099561,5.97E-15,1.13E-12
mast cell,rest,70,ENSG00000100448,7.698909,5.7845464,1.37E-14,2.51E-12
mast cell,rest,72,ENSG00000143013,7.6589456,4.189498,1.87E-14,3.36E-12
mast cell,rest,73,ENSG00000174748,7.611767,1.110679,2.70E-14,4.76E-12
mast cell,rest,74,ENSG00000198840,7.5902834,1.363401,3.19E-14,5.57E-12
mast cell,rest,75,ENSG00000168209,7.5691266,3.91514,3.76E-14,6.50E-12
mast cell,rest,76,ENSG00000179639,7.5504837,4.4013457,4.34E-14,7.44E-12
mast cell,rest,77,ENSG00000198242,7.5074186,1.1601976,6.03E-14,1.02E-11
mast cell,rest,78,ENSG00000075624,7.495567,1.6087563,6.60E-14,1.11E-11
mast cell,rest,79,ENSG00000099860,7.4669333,2.3724442,8.21E-14,1.37E-11
mast cell,rest,80,ENSG00000169224,7.4655294,7.4037023,8.30E-14,1.37E-11
mast cell,rest,81,ENSG00000137970,7.4061723,2.7976546,1.30E-13,2.12E-11
mast cell,rest,82,ENSG00000170315,7.356741,1.1565025,1.88E-13,3.03E-11
mast cell,rest,83,ENSG00000206394,7.3562837,2.182322,1.89E-13,3.03E-11
mast cell,rest,84,ENSG00000230685,7.3124027,2.165948,2.62E-13,4.10E-11
mast cell,rest,85,ENSG00000226651,7.3124027,2.165948,2.62E-13,4.10E-11
mast cell,rest,86,ENSG00000163219,7.2636566,4.256748,3.77E-13,5.79E-11
mast cell,rest,87,ENSG00000161970,7.2369165,1.22812,4.59E-13,6.94E-11
mast cell,rest,88,ENSG00000226248,7.2306805,2.1473944,4.81E-13,7.21E-11
mast cell,rest,89,ENSG00000140030,7.2202,4.0651126,5.19E-13,7.73E-11
mast cell,rest,90,ENSG00000237264,7.218894,4.056239,5.24E-13,7.74E-11
mast cell,rest,91,ENSG00000147872,7.217882,2.8534973,5.28E-13,7.74E-11
mast cell,rest,92,ENSG00000223361,7.1787353,3.4265745,7.04E-13,1.02E-10
mast cell,rest,93,ENSG00000156127,7.160843,4.804365,8.02E-13,1.14E-10
mast cell,rest,94,ENSG00000149273,7.066127,1.1547205,1.59E-12,2.25E-10
mast cell,rest,96,ENSG00000165502,7.006476,1.5927951,2.44E-12,3.35E-10
mast cell,rest,97,ENSG00000085117,6.959069,3.2644331,3.43E-12,4.67E-10
mast cell,rest,98,ENSG00000021355,6.9453883,2.3666103,3.77E-12,5.10E-10
mast cell,rest,99,ENSG00000120690,6.937781,2.906255,3.98E-12,5.35E-10
natural killer cell,rest,0,ENSG00000115523,12.525272,13.20197,5.43E-36,1.04E-31
natural killer cell,rest,1,ENSG00000105374,12.093615,13.597157,1.14E-33,1.10E-29
natural killer cell,rest,2,ENSG00000166710,10.539607,2.1539536,5.67E-26,3.63E-22
natural killer cell,rest,3,ENSG00000271503,9.757861,7.164366,1.71E-22,8.20E-19
natural killer cell,rest,4,ENSG00000185885,9.556325,7.406729,1.22E-21,4.69E-18
natural killer cell,rest,5,ENSG00000274233,9.184978,6.451455,4.12E-20,1.32E-16
natural killer cell,rest,6,ENSG00000198804,8.56866,1.2832102,1.05E-17,2.87E-14
natural killer cell,rest,7,ENSG00000145649,8.021287,9.040446,1.05E-15,2.51E-12
natural killer cell,rest,8,ENSG00000101608,7.525721,3.8281431,5.24E-14,1.01E-10
natural killer cell,rest,9,ENSG00000180644,7.41537,8.966547,1.21E-13,1.94E-10
natural killer cell,rest,10,ENSG00000100453,7.380309,7.9608326,1.58E-13,2.33E-10
natural killer cell,rest,11,ENSG00000128340,7.2033677,5.767235,5.87E-13,8.06E-10
natural killer cell,rest,12,ENSG00000134539,6.851121,8.029762,7.33E-12,9.38E-09
natural killer cell,rest,13,ENSG00000137441,6.837319,10.168336,8.07E-12,9.69E-09
natural killer cell,rest,14,ENSG00000198668,6.5966005,3.323545,4.21E-11,4.75E-08
natural killer cell,rest,15,ENSG00000172757,6.5268707,3.561323,6.72E-11,7.02E-08
natural killer cell,rest,16,ENSG00000081237,6.50934,4.6723623,7.55E-11,7.02E-08
natural killer cell,rest,17,ENSG00000126264,6.5067887,5.253096,7.68E-11,7.02E-08
natural killer cell,rest,18,ENSG00000227715,6.3080654,3.324301,2.83E-10,2.36E-07
natural killer cell,rest,19,ENSG00000235657,6.2976646,3.3113842,3.02E-10,2.42E-07
natural killer cell,rest,20,ENSG00000163466,6.1580744,3.3947766,7.36E-10,5.66E-07
natural killer cell,rest,21,ENSG00000077984,6.125695,7.26216,9.03E-10,6.67E-07
natural killer cell,rest,22,ENSG00000276849,6.0043545,6.0003943,1.92E-09,1.27E-06
natural killer cell,rest,23,ENSG00000265972,6.0040274,3.8349447,1.92E-09,1.27E-06
natural killer cell,rest,24,ENSG00000115738,5.9970937,4.320632,2.01E-09,1.28E-06
natural killer cell,rest,25,ENSG00000108518,5.9931035,3.6900976,2.06E-09,1.28E-06
natural killer cell,rest,26,ENSG00000198786,5.7625895,2.7127647,8.28E-09,4.97E-06
natural killer cell,rest,27,ENSG00000211772,5.741723,5.7529764,9.37E-09,5.45E-06
natural killer cell,rest,28,ENSG00000196405,5.7305374,4.868825,1.00E-08,5.66E-06
natural killer cell,rest,29,ENSG00000255819,5.71824,6.998418,1.08E-08,5.91E-06
natural killer cell,rest,30,ENSG00000150045,5.693383,9.604936,1.25E-08,6.64E-06
natural killer cell,rest,31,ENSG00000100450,5.6664987,9.00146,1.46E-08,7.57E-06
natural killer cell,rest,32,ENSG00000211751,5.63268,5.8609333,1.77E-08,8.97E-06
natural killer cell,rest,33,ENSG00000234745,5.584602,2.9503467,2.34E-08,1.15E-05
natural killer cell,rest,34,ENSG00000213402,5.5799575,6.3136725,2.41E-08,1.16E-05
natural killer cell,rest,35,ENSG00000172725,5.54071,6.1707816,3.01E-08,1.41E-05
natural killer cell,rest,36,ENSG00000160255,5.388691,4.5228486,7.10E-08,3.03E-05
natural killer cell,rest,37,ENSG00000172543,5.254857,6.8058686,1.48E-07,6.05E-05
natural killer cell,rest,38,ENSG00000213809,5.227776,6.4821606,1.72E-07,6.86E-05
natural killer cell,rest,39,ENSG00000198727,5.1850615,1.4888041,2.16E-07,8.13E-05
natural killer cell,rest,40,ENSG00000075624,5.1263866,2.4945304,2.95E-07,0.000105854
natural killer cell,rest,41,ENSG00000142669,5.1249475,3.2731657,2.98E-07,0.000105854
natural killer cell,rest,42,ENSG00000277943,5.061955,5.3486476,4.15E-07,0.000144911
natural killer cell,rest,43,ENSG00000102879,5.0583572,4.7503138,4.23E-07,0.000145034
natural killer cell,rest,44,ENSG00000185201,4.9918327,3.102842,5.98E-07,0.000201525
natural killer cell,rest,45,ENSG00000211829,4.964425,8.202411,6.89E-07,0.00022817
natural killer cell,rest,46,ENSG00000115956,4.9141226,4.111287,8.92E-07,0.000290307
natural killer cell,rest,47,ENSG00000163564,4.888873,7.226221,1.01E-06,0.000324629
natural killer cell,rest,48,ENSG00000284916,4.8707542,3.2591588,1.11E-06,0.000338919
natural killer cell,rest,49,ENSG00000173821,4.864147,4.1436195,1.15E-06,0.000340812
natural killer cell,rest,50,ENSG00000147168,4.8596992,4.8801174,1.18E-06,0.000340812
natural killer cell,rest,51,ENSG00000275302,4.8574753,5.1136603,1.19E-06,0.000340812
natural killer cell,rest,52,ENSG00000206450,4.832553,2.7674017,1.35E-06,0.000369834
natural killer cell,rest,53,ENSG00000145287,4.781073,4.279407,1.74E-06,0.000458739
natural killer cell,rest,54,ENSG00000206493,4.778326,2.2788045,1.77E-06,0.000458765
natural killer cell,rest,56,ENSG00000002586,4.5529795,3.5229607,5.29E-06,0.001336622
natural killer cell,rest,57,ENSG00000152795,4.539047,2.7184703,5.65E-06,0.001407922
natural killer cell,rest,58,ENSG00000203747,4.5240016,3.656533,6.07E-06,0.001469925
natural killer cell,rest,60,ENSG00000204592,4.4754,2.1762364,7.63E-06,0.001772954
natural killer cell,rest,61,ENSG00000186517,4.474419,3.9843237,7.66E-06,0.001772954
natural killer cell,rest,62,ENSG00000179144,4.4672236,5.2010393,7.92E-06,0.001811795
natural killer cell,rest,63,ENSG00000110934,4.444002,4.559605,8.83E-06,0.001971981
natural killer cell,rest,64,ENSG00000225201,4.420192,2.0396836,9.86E-06,0.002176973
natural killer cell,rest,65,ENSG00000111348,4.3236427,2.756695,1.53E-05,0.003239137
natural killer cell,rest,66,ENSG00000248527,4.298917,2.0921838,1.72E-05,0.003544535
natural killer cell,rest,67,ENSG00000168329,4.2586226,7.2102985,2.06E-05,0.004158407
natural killer cell,rest,68,ENSG00000225691,4.223038,2.906977,2.41E-05,0.004675998
natural killer cell,rest,69,ENSG00000008517,4.2056384,4.329791,2.60E-05,0.005000206
natural killer cell,rest,70,ENSG00000167004,4.196546,2.6685562,2.71E-05,0.005153601
natural killer cell,rest,71,ENSG00000237508,4.1820245,3.163615,2.89E-05,0.005440282
natural killer cell,rest,72,ENSG00000212907,4.1662602,2.6475496,3.10E-05,0.005749407
natural killer cell,rest,73,ENSG00000275824,4.142908,4.383435,3.43E-05,0.006213498
natural killer cell,rest,74,ENSG00000133321,4.0137835,3.6577075,5.98E-05,0.010528622
natural killer cell,rest,75,ENSG00000229698,3.997561,3.0695667,6.40E-05,0.010974598
natural killer cell,rest,76,ENSG00000281981,3.9948792,4.5452666,6.47E-05,0.011001344
natural killer cell,rest,77,ENSG00000108654,3.9891229,1.546519,6.63E-05,0.011121594
natural killer cell,rest,78,ENSG00000115524,3.9708073,2.5819435,7.16E-05,0.011859623
natural killer cell,rest,79,ENSG00000184009,3.9667518,1.5397233,7.29E-05,0.011960056
natural killer cell,rest,80,ENSG00000137403,3.954258,2.9183767,7.68E-05,0.012495711
natural killer cell,rest,81,ENSG00000122545,3.950595,2.6180897,7.80E-05,0.012581901
natural killer cell,rest,82,ENSG00000111796,3.9440534,6.2433457,8.01E-05,0.012822528
natural killer cell,rest,83,ENSG00000198821,3.9212246,5.9938893,8.81E-05,0.013983893
natural killer cell,rest,84,ENSG00000005844,3.9169726,4.428668,8.97E-05,0.014116079
natural killer cell,rest,85,ENSG00000235220,3.8817153,2.9279094,0.000103722,0.015988248
natural killer cell,rest,86,ENSG00000228299,3.753441,2.5604987,0.000174423,0.026377775
natural killer cell,rest,87,ENSG00000159674,3.7503014,6.3160825,0.000176622,0.026501605
natural killer cell,rest,88,ENSG00000143119,3.7293694,3.0925863,0.00019196,0.028426146
natural killer cell,rest,89,ENSG00000102317,3.7287805,2.3994653,0.000192409,0.028426146
natural killer cell,rest,90,ENSG00000009790,3.6888134,4.894119,0.000225302,0.032535005
natural killer cell,rest,91,ENSG00000198763,3.634979,1.6520147,0.000278003,0.039550611
natural killer cell,rest,92,ENSG00000164483,3.5843496,6.9976563,0.000337919,0.047029546
natural killer cell,rest,93,ENSG00000133574,3.5639408,4.0000606,0.000365328,0.050478389
natural killer cell,rest,94,ENSG00000223980,3.5575957,2.9962223,0.000374265,0.050979618
natural killer cell,rest,95,ENSG00000136167,3.539084,2.4022934,0.000401518,0.054306724
natural killer cell,rest,96,ENSG00000164924,3.4625514,1.618524,0.00053508,0.071366287
natural killer cell,rest,97,ENSG00000147443,3.4259856,3.5775156,0.000612573,0.07843382
natural killer cell,rest,98,ENSG00000198899,3.4148002,1.1032752,0.000638288,0.080123972
natural killer cell,rest,99,ENSG00000236315,3.396877,7.5257425,0.000681596,0.082892348
transformed epithelial cell,rest,0,ENSG00000125148,16.57383,7.4820566,1.08E-61,2.07E-57
transformed epithelial cell,rest,1,ENSG00000116690,15.978208,9.90766,1.81E-57,1.74E-53
transformed epithelial cell,rest,2,ENSG00000169715,14.689487,7.30601,7.53E-49,4.82E-45
transformed epithelial cell,rest,3,ENSG00000111057,14.150477,6.3708296,1.85E-45,8.91E-42
transformed epithelial cell,rest,4,ENSG00000171345,14.123137,6.5637856,2.74E-45,1.05E-41
transformed epithelial cell,rest,5,ENSG00000092820,13.712509,4.8649487,8.55E-43,2.05E-39
transformed epithelial cell,rest,6,ENSG00000147604,12.901171,1.8549591,4.43E-38,8.51E-35
transformed epithelial cell,rest,7,ENSG00000102265,12.329248,5.313056,6.30E-35,1.10E-31
transformed epithelial cell,rest,8,ENSG00000265190,11.730245,7.0412908,8.92E-32,1.32E-28
transformed epithelial cell,rest,9,ENSG00000106809,11.527271,8.0405,9.61E-31,1.32E-27
transformed epithelial cell,rest,10,ENSG00000167526,11.457731,1.1399236,2.15E-30,2.75E-27
transformed epithelial cell,rest,11,ENSG00000236625,11.449001,4.711426,2.38E-30,2.86E-27
transformed epithelial cell,rest,12,ENSG00000142937,11.425153,1.3524251,3.13E-30,3.54E-27
transformed epithelial cell,rest,13,ENSG00000096384,11.352864,2.7324328,7.18E-30,7.66E-27
transformed epithelial cell,rest,14,ENSG00000187193,11.327678,6.22713,9.57E-30,9.67E-27
transformed epithelial cell,rest,15,ENSG00000244731,11.3029375,4.6901684,1.27E-29,1.22E-26
transformed epithelial cell,rest,16,ENSG00000224389,11.168464,4.6484814,5.82E-29,5.32E-26
transformed epithelial cell,rest,17,ENSG00000206340,11.150633,4.599649,7.11E-29,6.21E-26
transformed epithelial cell,rest,18,ENSG00000228267,11.028715,4.5669703,2.78E-28,2.32E-25
transformed epithelial cell,rest,19,ENSG00000198755,10.899999,2.2677298,1.15E-27,8.85E-25
transformed epithelial cell,rest,21,ENSG00000198899,10.742828,1.4930238,6.41E-27,4.56E-24
transformed epithelial cell,rest,22,ENSG00000169908,10.564037,4.990763,4.37E-26,3.00E-23
transformed epithelial cell,rest,23,ENSG00000089009,10.405974,1.649881,2.33E-25,1.54E-22
transformed epithelial cell,rest,24,ENSG00000142089,10.360766,3.9133148,3.74E-25,2.39E-22
transformed epithelial cell,rest,25,ENSG00000120306,10.30954,4.7608566,6.38E-25,3.95E-22
transformed epithelial cell,rest,26,ENSG00000144381,10.260579,4.130981,1.06E-24,6.37E-22
transformed epithelial cell,rest,27,ENSG00000181163,10.138475,3.364357,3.73E-24,2.17E-21
transformed epithelial cell,rest,28,ENSG00000197747,10.024061,3.0582051,1.19E-23,6.75E-21
transformed epithelial cell,rest,29,ENSG00000108691,9.921943,5.13439,3.34E-23,1.83E-20
transformed epithelial cell,rest,30,ENSG00000198886,9.783754,1.8175939,1.32E-22,7.05E-20
transformed epithelial cell,rest,32,ENSG00000283391,9.566924,3.0478911,1.10E-21,5.57E-19
transformed epithelial cell,rest,33,ENSG00000170421,9.562764,4.549756,1.15E-21,5.65E-19
transformed epithelial cell,rest,35,ENSG00000134531,9.545825,4.5768647,1.35E-21,6.17E-19
transformed epithelial cell,rest,36,ENSG00000223367,9.488952,1.181353,2.33E-21,1.04E-18
transformed epithelial cell,rest,37,ENSG00000000971,9.437614,4.6068535,3.81E-21,1.66E-18
transformed epithelial cell,rest,38,ENSG00000071082,9.428847,1.2288475,4.15E-21,1.77E-18
transformed epithelial cell,rest,39,ENSG00000288512,9.414991,5.3361826,4.73E-21,1.98E-18
transformed epithelial cell,rest,40,ENSG00000182899,9.279849,1.5245086,1.70E-20,6.94E-18
transformed epithelial cell,rest,41,ENSG00000212907,9.225465,3.3911273,2.82E-20,1.13E-17
transformed epithelial cell,rest,42,ENSG00000145592,9.121266,1.6617203,7.43E-20,2.85E-17
transformed epithelial cell,rest,43,ENSG00000241343,9.042736,2.111829,1.53E-19,5.64E-17
transformed epithelial cell,rest,44,ENSG00000198242,8.982075,1.7095875,2.66E-19,9.63E-17
transformed epithelial cell,rest,45,ENSG00000166598,8.979066,3.1453483,2.73E-19,9.71E-17
transformed epithelial cell,rest,46,ENSG00000136997,8.844071,4.854918,9.23E-19,3.22E-16
transformed epithelial cell,rest,47,ENSG00000256618,8.816063,3.846427,1.19E-18,4.07E-16
transformed epithelial cell,rest,48,ENSG00000161970,8.739873,1.5429841,2.33E-18,7.86E-16
transformed epithelial cell,rest,49,ENSG00000228253,8.732221,3.3076072,2.50E-18,8.27E-16
transformed epithelial cell,rest,50,ENSG00000171858,8.650162,1.8909075,5.14E-18,1.67E-15
transformed epithelial cell,rest,51,ENSG00000163682,8.647376,3.500998,5.27E-18,1.69E-15
transformed epithelial cell,rest,52,ENSG00000143947,8.632889,1.088044,5.98E-18,1.88E-15
transformed epithelial cell,rest,53,ENSG00000089157,8.527204,1.8143438,1.50E-17,4.57E-15
transformed epithelial cell,rest,54,ENSG00000265681,8.493065,1.974646,2.01E-17,6.04E-15
transformed epithelial cell,rest,55,ENSG00000198918,8.303613,1.4508972,1.01E-16,2.98E-14
transformed epithelial cell,rest,56,ENSG00000122786,8.29518,5.06662,1.08E-16,3.16E-14
transformed epithelial cell,rest,57,ENSG00000111341,8.284891,4.565133,1.18E-16,3.39E-14
transformed epithelial cell,rest,58,ENSG00000144713,8.239719,1.1094176,1.73E-16,4.88E-14
transformed epithelial cell,rest,59,ENSG00000276701,8.226978,2.774856,1.92E-16,5.34E-14
transformed epithelial cell,rest,61,ENSG00000185201,8.207513,3.6705716,2.26E-16,6.11E-14
transformed epithelial cell,rest,62,ENSG00000197756,8.107846,1.0388265,5.15E-16,1.32E-13
transformed epithelial cell,rest,64,ENSG00000264230,8.004168,5.506389,1.20E-15,2.96E-13
transformed epithelial cell,rest,65,ENSG00000182774,7.905095,1.6361008,2.68E-15,6.35E-13
transformed epithelial cell,rest,66,ENSG00000115053,7.902792,2.808254,2.73E-15,6.39E-13
transformed epithelial cell,rest,67,ENSG00000120885,7.876974,3.8113678,3.35E-15,7.76E-13
transformed epithelial cell,rest,68,ENSG00000145425,7.8512683,1.3176849,4.12E-15,9.31E-13
transformed epithelial cell,rest,69,ENSG00000126777,7.839344,3.3425171,4.53E-15,1.01E-12
transformed epithelial cell,rest,70,ENSG00000110700,7.83444,1.1391305,4.71E-15,1.04E-12
transformed epithelial cell,rest,71,ENSG00000145741,7.763972,2.7262201,8.23E-15,1.78E-12
transformed epithelial cell,rest,72,ENSG00000114391,7.627789,1.7273403,2.39E-14,4.88E-12
transformed epithelial cell,rest,73,ENSG00000242335,7.6057234,4.7103148,2.83E-14,5.73E-12
transformed epithelial cell,rest,74,ENSG00000198840,7.5978107,1.7658092,3.01E-14,6.03E-12
transformed epithelial cell,rest,75,ENSG00000182718,7.5950994,2.962089,3.08E-14,6.09E-12
transformed epithelial cell,rest,76,ENSG00000171863,7.495247,1.7617798,6.62E-14,1.28E-11
transformed epithelial cell,rest,77,ENSG00000167644,7.4856997,3.698141,7.12E-14,1.37E-11
transformed epithelial cell,rest,78,ENSG00000062716,7.456205,3.4476416,8.91E-14,1.69E-11
transformed epithelial cell,rest,80,ENSG00000188846,7.368388,1.4948864,1.73E-13,3.16E-11
transformed epithelial cell,rest,81,ENSG00000198888,7.3606243,1.1567357,1.83E-13,3.32E-11
transformed epithelial cell,rest,82,ENSG00000185222,7.3517833,4.148389,1.96E-13,3.51E-11
transformed epithelial cell,rest,83,ENSG00000151914,7.3138185,3.7094944,2.60E-13,4.62E-11
transformed epithelial cell,rest,84,ENSG00000198727,7.303603,1.1520264,2.80E-13,4.94E-11
transformed epithelial cell,rest,85,ENSG00000112306,7.2976966,1.1017305,2.93E-13,5.11E-11
transformed epithelial cell,rest,86,ENSG00000282830,7.218981,4.978071,5.24E-13,8.98E-11
transformed epithelial cell,rest,87,ENSG00000137970,7.217235,2.9119658,5.31E-13,9.02E-11
transformed epithelial cell,rest,88,ENSG00000132341,7.1802363,3.0867941,6.96E-13,1.17E-10
transformed epithelial cell,rest,89,ENSG00000120694,7.1544185,3.5810797,8.40E-13,1.40E-10
transformed epithelial cell,rest,90,ENSG00000288299,6.986958,2.906237,2.81E-12,4.57E-10
transformed epithelial cell,rest,91,ENSG00000113140,6.9656725,4.092713,3.27E-12,5.28E-10
transformed epithelial cell,rest,93,ENSG00000177469,6.908205,3.6439493,4.91E-12,7.73E-10
transformed epithelial cell,rest,94,ENSG00000115380,6.8256636,3.6366305,8.75E-12,1.32E-09
transformed epithelial cell,rest,95,ENSG00000006327,6.814185,4.4059763,9.48E-12,1.42E-09
transformed epithelial cell,rest,96,ENSG00000115541,6.803301,3.0374053,1.02E-11,1.52E-09
transformed epithelial cell,rest,97,ENSG00000243742,6.7681594,3.2902677,1.30E-11,1.93E-09
transformed epithelial cell,rest,98,ENSG00000204628,6.7400384,1.8203956,1.58E-11,2.30E-09
transformed epithelial cell,rest,99,ENSG00000205403,6.731569,4.041819,1.68E-11,2.41E-09
type I pneumocyte,rest,0,ENSG00000213853,16.095753,10.318114,2.73E-58,5.25E-54
type I pneumocyte,rest,1,ENSG00000105974,15.322323,10.456673,5.42E-53,5.21E-49
type I pneumocyte,rest,2,ENSG00000229058,15.108486,10.02148,1.42E-51,9.11E-48
type I pneumocyte,rest,3,ENSG00000204305,13.919686,8.9120035,4.81E-44,2.31E-40
type I pneumocyte,rest,4,ENSG00000230514,13.902137,8.877041,6.15E-44,2.36E-40
type I pneumocyte,rest,5,ENSG00000196352,13.593245,7.0737233,4.39E-42,1.41E-38
type I pneumocyte,rest,6,ENSG00000136153,13.522653,8.287114,1.15E-41,3.15E-38
type I pneumocyte,rest,7,ENSG00000148671,13.246459,7.9211054,4.73E-40,1.14E-36
type I pneumocyte,rest,8,ENSG00000105971,13.060222,8.994428,5.56E-39,1.19E-35
type I pneumocyte,rest,9,ENSG00000125868,12.96399,6.215788,1.96E-38,3.76E-35
type I pneumocyte,rest,10,ENSG00000142973,12.784862,8.41892,1.99E-37,3.48E-34
type I pneumocyte,rest,11,ENSG00000066405,12.366159,8.311334,3.98E-35,6.38E-32
type I pneumocyte,rest,12,ENSG00000182010,11.75465,10.00133,6.68E-32,9.87E-29
type I pneumocyte,rest,13,ENSG00000197747,11.682244,4.3116536,1.57E-31,2.16E-28
type I pneumocyte,rest,14,ENSG00000171885,11.603612,7.4849424,3.95E-31,5.06E-28
type I pneumocyte,rest,15,ENSG00000182718,11.461839,4.3615227,2.05E-30,2.46E-27
type I pneumocyte,rest,16,ENSG00000013588,11.123435,7.003343,9.65E-29,1.09E-25
type I pneumocyte,rest,17,ENSG00000129538,10.902931,6.3507776,1.12E-27,1.19E-24
type I pneumocyte,rest,18,ENSG00000234729,10.482709,5.835544,1.04E-25,1.05E-22
type I pneumocyte,rest,19,ENSG00000086548,10.380938,7.9023747,3.03E-25,2.86E-22
type I pneumocyte,rest,20,ENSG00000135480,10.377996,7.1670203,3.12E-25,2.86E-22
type I pneumocyte,rest,21,ENSG00000167644,10.305786,6.400546,6.63E-25,5.79E-22
type I pneumocyte,rest,22,ENSG00000089356,10.172689,6.0551276,2.63E-24,2.19E-21
type I pneumocyte,rest,23,ENSG00000111057,9.734623,5.6902537,2.15E-22,1.72E-19
type I pneumocyte,rest,24,ENSG00000171476,9.7156515,5.941287,2.59E-22,1.99E-19
type I pneumocyte,rest,25,ENSG00000136155,9.584859,8.613909,9.26E-22,6.84E-19
type I pneumocyte,rest,26,ENSG00000156675,9.556916,5.483742,1.21E-21,8.63E-19
type I pneumocyte,rest,27,ENSG00000101335,9.189981,6.6920314,3.93E-20,2.60E-17
type I pneumocyte,rest,28,ENSG00000171345,9.159293,5.615721,5.22E-20,3.34E-17
type I pneumocyte,rest,29,ENSG00000138772,9.067474,7.023296,1.22E-19,7.55E-17
type I pneumocyte,rest,30,ENSG00000064042,9.036296,5.8789268,1.62E-19,9.73E-17
type I pneumocyte,rest,31,ENSG00000197956,8.752357,1.6701,2.09E-18,1.15E-15
type I pneumocyte,rest,32,ENSG00000182667,8.645536,7.776761,5.36E-18,2.86E-15
type I pneumocyte,rest,33,ENSG00000138821,8.4173355,5.712823,3.85E-17,2.00E-14
type I pneumocyte,rest,34,ENSG00000110195,8.129181,5.272534,4.32E-16,2.13E-13
type I pneumocyte,rest,35,ENSG00000182985,8.097169,5.638889,5.63E-16,2.70E-13
type I pneumocyte,rest,36,ENSG00000106537,8.057608,6.2409563,7.78E-16,3.64E-13
type I pneumocyte,rest,37,ENSG00000170017,8.051921,4.63582,8.15E-16,3.73E-13
type I pneumocyte,rest,38,ENSG00000112782,7.911471,7.0268917,2.54E-15,1.14E-12
type I pneumocyte,rest,39,ENSG00000116005,7.8739686,5.833834,3.44E-15,1.50E-12
type I pneumocyte,rest,40,ENSG00000142871,7.6461115,5.5268145,2.07E-14,8.84E-12
type I pneumocyte,rest,41,ENSG00000143933,7.6013536,2.3983426,2.93E-14,1.22E-11
type I pneumocyte,rest,42,ENSG00000137710,7.556547,4.9426484,4.14E-14,1.66E-11
type I pneumocyte,rest,43,ENSG00000111859,7.279569,4.726103,3.35E-13,1.31E-10
type I pneumocyte,rest,44,ENSG00000094963,7.2040253,5.933214,5.85E-13,2.25E-10
type I pneumocyte,rest,45,ENSG00000090339,7.1788764,4.3180037,7.03E-13,2.65E-10
type I pneumocyte,rest,46,ENSG00000114446,7.1036267,4.3402653,1.22E-12,4.43E-10
type I pneumocyte,rest,47,ENSG00000084207,7.0875473,2.9758446,1.37E-12,4.86E-10
type I pneumocyte,rest,48,ENSG00000162909,7.0440645,4.286546,1.87E-12,6.52E-10
type I pneumocyte,rest,49,ENSG00000180992,7.0120034,4.1942363,2.35E-12,7.92E-10
type I pneumocyte,rest,50,ENSG00000277101,6.9983263,6.5987887,2.59E-12,8.58E-10
type I pneumocyte,rest,51,ENSG00000067082,6.888859,3.3660605,5.62E-12,1.83E-09
type I pneumocyte,rest,52,ENSG00000114790,6.8278255,6.5148153,8.62E-12,2.76E-09
type I pneumocyte,rest,53,ENSG00000084234,6.7566934,3.130919,1.41E-11,4.37E-09
type I pneumocyte,rest,54,ENSG00000196776,6.729731,4.1990895,1.70E-11,5.18E-09
type I pneumocyte,rest,55,ENSG00000169908,6.708014,4.1758065,1.97E-11,5.92E-09
type I pneumocyte,rest,56,ENSG00000184292,6.660805,4.664455,2.72E-11,7.92E-09
type I pneumocyte,rest,57,ENSG00000168497,6.5486903,4.437488,5.80E-11,1.66E-08
type I pneumocyte,rest,58,ENSG00000112715,6.4015737,4.5133395,1.54E-10,4.34E-08
type I pneumocyte,rest,59,ENSG00000010278,6.350786,2.815944,2.14E-10,5.96E-08
type I pneumocyte,rest,60,ENSG00000135678,6.1699414,3.8904316,6.83E-10,1.82E-07
type I pneumocyte,rest,61,ENSG00000101608,6.141116,2.8629384,8.19E-10,2.16E-07
type I pneumocyte,rest,62,ENSG00000184009,6.0833673,2.2321408,1.18E-09,3.05E-07
type I pneumocyte,rest,63,ENSG00000250722,6.079691,3.5752249,1.20E-09,3.08E-07
type I pneumocyte,rest,64,ENSG00000173376,6.069445,5.5199876,1.28E-09,3.24E-07
type I pneumocyte,rest,65,ENSG00000115306,6.0556207,3.9231093,1.40E-09,3.49E-07
type I pneumocyte,rest,66,ENSG00000118680,6.030374,2.3636522,1.64E-09,3.99E-07
type I pneumocyte,rest,67,ENSG00000100234,5.983263,4.7083817,2.19E-09,5.19E-07
type I pneumocyte,rest,68,ENSG00000177469,5.9772334,4.133078,2.27E-09,5.32E-07
type I pneumocyte,rest,69,ENSG00000157654,5.924681,4.331128,3.13E-09,7.18E-07
type I pneumocyte,rest,70,ENSG00000092820,5.924093,3.0365558,3.14E-09,7.18E-07
type I pneumocyte,rest,71,ENSG00000198682,5.8370285,5.298833,5.31E-09,1.20E-06
type I pneumocyte,rest,72,ENSG00000102024,5.8059483,4.630384,6.40E-09,1.43E-06
type I pneumocyte,rest,73,ENSG00000170421,5.781486,3.689201,7.40E-09,1.63E-06
type I pneumocyte,rest,74,ENSG00000138594,5.746484,3.5663068,9.11E-09,1.99E-06
type I pneumocyte,rest,75,ENSG00000107742,5.71207,5.814919,1.12E-08,2.36E-06
type I pneumocyte,rest,76,ENSG00000237814,5.696971,3.7600954,1.22E-08,2.55E-06
type I pneumocyte,rest,77,ENSG00000197415,5.6705966,4.5045066,1.42E-08,2.91E-06
type I pneumocyte,rest,78,ENSG00000081026,5.5836797,4.480744,2.35E-08,4.71E-06
type I pneumocyte,rest,79,ENSG00000166681,5.568679,3.5804932,2.57E-08,5.03E-06
type I pneumocyte,rest,80,ENSG00000152818,5.5653453,3.4391916,2.62E-08,5.08E-06
type I pneumocyte,rest,81,ENSG00000128641,5.5147047,4.380875,3.49E-08,6.64E-06
type I pneumocyte,rest,82,ENSG00000003402,5.4707804,3.057623,4.48E-08,8.27E-06
type I pneumocyte,rest,83,ENSG00000276184,5.431268,5.2614956,5.60E-08,1.02E-05
type I pneumocyte,rest,84,ENSG00000124942,5.424503,3.0157995,5.81E-08,1.05E-05
type I pneumocyte,rest,85,ENSG00000166347,5.4032764,3.3567483,6.54E-08,1.17E-05
type I pneumocyte,rest,86,ENSG00000144810,5.355087,5.572004,8.55E-08,1.51E-05
type I pneumocyte,rest,87,ENSG00000176771,5.329595,6.0677595,9.84E-08,1.72E-05
type I pneumocyte,rest,88,ENSG00000169583,5.2562575,5.1465173,1.47E-07,2.48E-05
type I pneumocyte,rest,89,ENSG00000167642,5.2413545,3.1360493,1.59E-07,2.66E-05
type I pneumocyte,rest,90,ENSG00000118523,5.2176766,4.619686,1.81E-07,2.95E-05
type I pneumocyte,rest,91,ENSG00000257520,5.171644,3.364171,2.32E-07,3.68E-05
type I pneumocyte,rest,92,ENSG00000067167,5.165222,3.0536842,2.40E-07,3.78E-05
type I pneumocyte,rest,93,ENSG00000120306,5.1593394,3.2167616,2.48E-07,3.87E-05
type I pneumocyte,rest,94,ENSG00000151718,5.123406,4.4737844,3.00E-07,4.61E-05
type I pneumocyte,rest,95,ENSG00000069122,5.11468,3.2812397,3.14E-07,4.78E-05
type I pneumocyte,rest,96,ENSG00000158769,5.1133075,3.1505437,3.17E-07,4.78E-05
type I pneumocyte,rest,97,ENSG00000071967,5.111984,4.084311,3.19E-07,4.78E-05
type I pneumocyte,rest,98,ENSG00000177700,5.030116,2.5971925,4.90E-07,7.24E-05
type I pneumocyte,rest,99,ENSG00000183087,5.0250664,4.888696,5.03E-07,7.38E-05
type II pneumocyte,rest,0,ENSG00000168878,33.252224,8.744679,1.90E-242,3.64E-238
type II pneumocyte,rest,1,ENSG00000168484,32.535194,7.688663,3.39E-232,3.26E-228
type II pneumocyte,rest,2,ENSG00000185303,31.482252,8.225335,1.52E-217,9.73E-214
type II pneumocyte,rest,3,ENSG00000131400,30.632496,9.368105,4.52E-206,2.17E-202
type II pneumocyte,rest,4,ENSG00000124107,30.31266,7.9768186,7.81E-202,3.00E-198
type II pneumocyte,rest,5,ENSG00000122852,29.968576,8.241741,2.52E-197,8.07E-194
type II pneumocyte,rest,6,ENSG00000133661,28.415447,8.9058485,1.30E-177,3.58E-174
type II pneumocyte,rest,7,ENSG00000157765,25.745365,7.6908674,3.63E-146,8.72E-143
type II pneumocyte,rest,8,ENSG00000103811,25.622171,6.06102,8.64E-145,1.84E-141
type II pneumocyte,rest,9,ENSG00000166347,25.25902,7.1041503,9.02E-141,1.57E-137
type II pneumocyte,rest,10,ENSG00000164265,24.88012,6.748807,1.22E-136,1.95E-133
type II pneumocyte,rest,11,ENSG00000164687,24.625988,6.099389,6.66E-134,9.83E-131
type II pneumocyte,rest,12,ENSG00000119655,24.322725,4.723138,1.13E-130,1.55E-127
type II pneumocyte,rest,13,ENSG00000185499,24.033,7.0800886,1.26E-127,1.42E-124
type II pneumocyte,rest,14,ENSG00000123838,21.839493,7.3268256,9.78E-106,1.04E-102
type II pneumocyte,rest,15,ENSG00000176907,19.905296,6.256761,3.66E-88,2.93E-85
type II pneumocyte,rest,16,ENSG00000257520,19.876528,6.2364407,6.50E-88,4.99E-85
type II pneumocyte,rest,17,ENSG00000171476,19.277206,6.052621,8.35E-83,6.17E-80
type II pneumocyte,rest,18,ENSG00000078081,19.227112,6.724819,2.20E-82,1.56E-79
type II pneumocyte,rest,19,ENSG00000129538,18.849058,5.5337415,2.99E-79,1.98E-76
type II pneumocyte,rest,20,ENSG00000188906,18.810966,6.1725593,6.14E-79,3.80E-76
type II pneumocyte,rest,21,ENSG00000143416,18.323162,5.83093,5.41E-75,3.15E-72
type II pneumocyte,rest,22,ENSG00000069122,18.162186,5.6028476,1.03E-73,5.81E-71
type II pneumocyte,rest,23,ENSG00000008394,18.049562,5.131583,7.95E-73,4.36E-70
type II pneumocyte,rest,24,ENSG00000189377,17.70609,5.5051126,3.76E-70,2.01E-67
type II pneumocyte,rest,25,ENSG00000162896,17.301035,5.4438853,4.62E-67,2.34E-64
type II pneumocyte,rest,26,ENSG00000237814,16.774717,5.6219883,3.74E-63,1.79E-60
type II pneumocyte,rest,28,ENSG00000116133,15.724552,4.725995,1.03E-55,4.20E-53
type II pneumocyte,rest,29,ENSG00000250722,15.103362,4.438759,1.54E-51,5.91E-49
type II pneumocyte,rest,30,ENSG00000167972,15.093851,5.292316,1.78E-51,6.69E-49
type II pneumocyte,rest,31,ENSG00000099194,14.68331,4.5563126,8.25E-49,2.83E-46
type II pneumocyte,rest,32,ENSG00000153446,14.239952,5.2930017,5.18E-46,1.63E-43
type II pneumocyte,rest,33,ENSG00000125730,14.119207,4.513946,2.89E-45,8.96E-43
type II pneumocyte,rest,34,ENSG00000224246,13.732138,5.4886446,6.52E-43,1.96E-40
type II pneumocyte,rest,35,ENSG00000066405,13.578341,4.8409276,5.38E-42,1.54E-39
type II pneumocyte,rest,36,ENSG00000138821,13.566216,4.8510942,6.35E-42,1.79E-39
type II pneumocyte,rest,37,ENSG00000136048,13.304528,4.6091995,2.18E-40,5.81E-38
type II pneumocyte,rest,38,ENSG00000275079,13.206666,4.6655464,8.03E-40,2.08E-37
type II pneumocyte,rest,39,ENSG00000153395,12.9569845,4.6164618,2.15E-38,5.42E-36
type II pneumocyte,rest,40,ENSG00000163629,12.759424,4.92432,2.76E-37,6.80E-35
type II pneumocyte,rest,41,ENSG00000151332,12.647014,4.361613,1.16E-36,2.83E-34
type II pneumocyte,rest,42,ENSG00000100906,12.560922,3.2514396,3.46E-36,8.31E-34
type II pneumocyte,rest,43,ENSG00000096088,12.5037155,5.2601404,7.12E-36,1.69E-33
type II pneumocyte,rest,44,ENSG00000112306,12.465485,1.2225751,1.15E-35,2.67E-33
type II pneumocyte,rest,45,ENSG00000171885,12.35717,4.3241835,4.46E-35,1.02E-32
type II pneumocyte,rest,46,ENSG00000161055,12.3536625,3.7219567,4.65E-35,1.05E-32
type II pneumocyte,rest,47,ENSG00000115648,12.179525,3.7980876,4.00E-34,8.82E-32
type II pneumocyte,rest,48,ENSG00000125868,11.807098,3.092218,3.59E-32,7.74E-30
type II pneumocyte,rest,49,ENSG00000135678,11.4512205,3.641685,2.32E-30,4.74E-28
type II pneumocyte,rest,50,ENSG00000155368,11.377394,2.9475482,5.42E-30,1.07E-27
type II pneumocyte,rest,51,ENSG00000127954,11.179503,3.8961399,5.14E-29,9.97E-27
type II pneumocyte,rest,52,ENSG00000081041,11.105724,3.3473759,1.18E-28,2.22E-26
type II pneumocyte,rest,53,ENSG00000130164,10.98571,3.381363,4.48E-28,8.19E-26
type II pneumocyte,rest,54,ENSG00000160862,10.914002,5.233699,9.88E-28,1.74E-25
type II pneumocyte,rest,55,ENSG00000129422,10.787443,3.8647633,3.95E-27,6.77E-25
type II pneumocyte,rest,56,ENSG00000148671,10.583314,3.2486293,3.56E-26,6.00E-24
type II pneumocyte,rest,57,ENSG00000138593,10.567424,3.664851,4.22E-26,7.05E-24
type II pneumocyte,rest,58,ENSG00000173467,10.50339,3.457898,8.33E-26,1.37E-23
type II pneumocyte,rest,59,ENSG00000157551,10.487853,4.4079723,9.82E-26,1.60E-23
type II pneumocyte,rest,60,ENSG00000003436,10.455177,3.6323578,1.39E-25,2.22E-23
type II pneumocyte,rest,61,ENSG00000115221,10.269082,4.155087,9.71E-25,1.48E-22
type II pneumocyte,rest,62,ENSG00000109046,10.237112,2.8025756,1.35E-24,2.04E-22
type II pneumocyte,rest,63,ENSG00000198034,10.144476,1.4597522,3.51E-24,5.18E-22
type II pneumocyte,rest,64,ENSG00000048540,10.088942,3.926348,6.18E-24,8.86E-22
type II pneumocyte,rest,65,ENSG00000126432,9.946633,2.755138,2.61E-23,3.66E-21
type II pneumocyte,rest,66,ENSG00000102804,9.919513,2.9768994,3.42E-23,4.73E-21
type II pneumocyte,rest,67,ENSG00000165175,9.89696,3.6151817,4.29E-23,5.89E-21
type II pneumocyte,rest,68,ENSG00000007402,9.896019,4.479479,4.33E-23,5.90E-21
type II pneumocyte,rest,69,ENSG00000124145,9.804654,3.1531587,1.08E-22,1.44E-20
type II pneumocyte,rest,70,ENSG00000172264,9.702366,4.256681,2.95E-22,3.88E-20
type II pneumocyte,rest,71,ENSG00000106541,9.5521,3.2954504,1.27E-21,1.65E-19
type II pneumocyte,rest,72,ENSG00000068650,9.51095,3.652339,1.89E-21,2.44E-19
type II pneumocyte,rest,73,ENSG00000198363,9.5025215,3.095841,2.05E-21,2.62E-19
type II pneumocyte,rest,74,ENSG00000001630,9.376998,2.9223943,6.79E-21,8.47E-19
type II pneumocyte,rest,75,ENSG00000114446,9.306044,2.9712574,1.33E-20,1.63E-18
type II pneumocyte,rest,76,ENSG00000163399,9.250934,2.75186,2.23E-20,2.67E-18
type II pneumocyte,rest,77,ENSG00000170776,9.186618,2.4377892,4.05E-20,4.84E-18
type II pneumocyte,rest,78,ENSG00000134020,9.130566,4.1756525,6.81E-20,8.08E-18
type II pneumocyte,rest,79,ENSG00000163435,9.113851,2.9470868,7.95E-20,9.37E-18
type II pneumocyte,rest,80,ENSG00000047936,9.105399,4.3837347,8.59E-20,1.01E-17
type II pneumocyte,rest,81,ENSG00000144063,9.055115,4.0473313,1.36E-19,1.55E-17
type II pneumocyte,rest,82,ENSG00000101443,8.946164,2.9718616,3.68E-19,4.13E-17
type II pneumocyte,rest,83,ENSG00000137857,8.940373,3.8788993,3.88E-19,4.33E-17
type II pneumocyte,rest,84,ENSG00000182985,8.938113,3.5233905,3.96E-19,4.39E-17
type II pneumocyte,rest,85,ENSG00000103978,8.88611,2.9220302,6.33E-19,6.95E-17
type II pneumocyte,rest,86,ENSG00000225454,8.799359,4.4361715,1.38E-18,1.48E-16
type II pneumocyte,rest,87,ENSG00000110195,8.778761,3.083456,1.65E-18,1.77E-16
type II pneumocyte,rest,88,ENSG00000151150,8.756161,3.7094638,2.02E-18,2.14E-16
type II pneumocyte,rest,89,ENSG00000189221,8.71016,3.7599778,3.03E-18,3.18E-16
type II pneumocyte,rest,90,ENSG00000197415,8.676708,3.9533186,4.07E-18,4.25E-16
type II pneumocyte,rest,91,ENSG00000145860,8.674966,3.1370158,4.14E-18,4.29E-16
type II pneumocyte,rest,92,ENSG00000256612,8.633415,2.9939325,5.95E-18,6.08E-16
type II pneumocyte,rest,93,ENSG00000117525,8.5812235,3.313964,9.39E-18,9.44E-16
type II pneumocyte,rest,94,ENSG00000166741,8.512482,3.0467403,1.70E-17,1.67E-15
type II pneumocyte,rest,95,ENSG00000189143,8.462244,3.0133815,2.62E-17,2.53E-15
type II pneumocyte,rest,96,ENSG00000144331,8.354071,4.956535,6.59E-17,6.21E-15
type II pneumocyte,rest,97,ENSG00000039560,8.296112,3.2659316,1.08E-16,9.93E-15
type II pneumocyte,rest,98,ENSG00000164741,8.26353,3.2199414,1.41E-16,1.30E-14
type II pneumocyte,rest,99,ENSG00000108946,8.030586,2.3333654,9.70E-16,8.51E-14
